City,District,Ward,Street
Đồng Nai,Trảng Bom,An Viễn,Vào Khu Công Nghiệp Giang Điền
Đồng Nai,Long Thành,Phước Bình,Hẻm 2391 51
Bà Rịa Vũng Tàu,Phú Mỹ,Phú Mỹ,Độc Lập
Đồng Nai,Trảng Bom,Xã Hố Nai 3,Cụm Công Nghiệp
Hồ Chí Minh,Quận 1,Cầu Ông Lãnh,Nguyễn Thái Học
Cần Thơ,Bình Thủy,Trà Nóc,Trục Chính
Hà Nội,Đông Anh,Kim Chung,Cổng Ba
Hưng Yên,Hưng Yên,Hiến Nam,Nguyễn Văn Linh
Đồng Nai,Long Khánh,Bình Lộc,Hẻm 80 Bình Lộc
Đà Nẵng,Liên Chiểu,Hòa Khánh Bắc,Số 2
Hồ Chí Minh,Tân Phú,Tân Thành,Âu Cơ
Hồ Chí Minh,Nhà Bè,Phước Kiển,Nguyễn Hữu Thọ
Đồng Nai,Biên Hòa,Long Bình Tân,Bùi Văn Hòa
Đồng Nai,Nhơn Trạch,Phước Thiền,Hẻm 12 Ấp Chợ
Bình Dương,Thủ Dầu Một,Phú Tân,N5 Khu Công Nghiệp Sóng Thần 3
Hồ Chí Minh,Thủ Đức,An Khánh,Trần Não
Hồ Chí Minh,Thủ Đức,Trường Thọ,Xa Lộ Hà Nội
Đồng Nai,Biên Hòa,An Bình,Bùi Văn Hòa
Hưng Yên,Văn Lâm,Thị Trấn Như Quỳnh,Cầu Như Quỳnh
Hồ Chí Minh,Tân Phú,Tân Thành,Lũy Bán Bích
Hà Nội,Bắc Từ Liêm,Phường Cổ Nhuế 2,Phạm Văn Đồng
Hồ Chí Minh,Bình Chánh,Lê Minh Xuân,Mai Bá Hương
Đồng Nai,Biên Hòa,Long Bình,2 Khu Công Nghiệp Amata
Bình Dương,Thủ Dầu Một,Tương Bình Hiệp,Đại Lộ Bình Dương
Hồ Chí Minh,Bình Tân,Bình Hưng Hòa B,Số 7 Khu CN Vĩnh Lộc
Quảng Ninh,Hạ Long,Bãi Cháy,Hạ Long
Long An,Bến Lức,Thanh Phú,Nguyễn Hữu Trí
Đà Nẵng,Cẩm Lệ,Hòa An,Kiệt 65 Tôn Đản
Đồng Nai,Biên Hòa,Tân Hiệp,Hẻm 424 Xa Lộ Hà Nội
Hà Nội,Tây Hồ,Phú Thượng,An Dương Vương
Hà Nội,Hoài Đức,Di Trạch,Ngõ 2
Hồ Chí Minh,Gò Vấp,Phường 13,Lê Đức Thọ
Hồ Chí Minh,Thủ Đức,Hiệp Bình Chánh,Hiệp Bình
Hà Nội,Nam Từ Liêm,Tây Mỗ,70
Đồng Nai,Trảng Bom,Đông Hòa,Chợ 2
Hà Nội,Hà Đông,La Khê,Ngõ 36 Lê Trọng Tấn
Long An,Đức Hòa,Đức Hòa Hạ,Tám Bình
Hồ Chí Minh,Bình Tân,Tân Tạo,Hẻm 117 Hồ Văn Long
Hồ Chí Minh,Thủ Đức,Trường Thọ,Số 2
Bình Dương,Thuận An,Lái Thiêu,Cầu Tân Phú
Bình Dương,Thuận An,Bình Hòa,Tỉnh 743B
Long An,Cần Giuộc,Long Hậu,KDC Long Hậu
Hà Nội,Hoài Đức,Kim Chung,Lai Xá
Đà Nẵng,Thanh Khê,Tam Thuận,Nguyễn Tất Thành
Đồng Nai,Vĩnh Cửu,Thiện Tân,Thiện Tân
Đồng Nai,Long Khánh,Xuân Trung,Hẻm 2 Hồ Thị Hương
Bình Dương,Dĩ An,Tân Đông Hiệp,D2
Bình Dương,Dĩ An,Tân Bình,Bùi Thị Xuân
Bình Dương,Thuận An,Bình Chuẩn,Lê Thị Trung
Khánh Hòa,Nha Trang,Vĩnh Hải,Nguyễn Khuyến
Hồ Chí Minh,Bình Chánh,Tân Kiên,Nguyễn Cửu Phú
Hồ Chí Minh,Bình Tân,Tân Tạo,Số 51
Đồng Nai,Trảng Bom,Xã Hố Nai 3,Đồi Thái Hòa
Đồng Nai,Biên Hòa,Phước Tân,Hẻm 1423 Tổ 22 Vườn Dừa Phước Tân
Long An,Châu Thành,Hòa Phú,Tỉnh 827
Hồ Chí Minh,Tân Bình,Phường 13,Cộng Hòa
Hồ Chí Minh,Quận 7,Phú Thuận,Huỳnh Tấn Phát
Hà Nội,Tây Hồ,Quảng An,Quảng An
Đồng Nai,Biên Hòa,Phước Tân,Đinh Quang Ân
Long An,Cần Giuộc,Phước Lâm,ĐT.835
Hồ Chí Minh,Gò Vấp,Phường 5,Trần Bá Giao
Hà Nội,Hoài Đức,La Phù,La Phù
Hồ Chí Minh,Bình Tân,Tân Tạo,Số 2
Đồng Nai,Biên Hòa,Tam Phước,51
Đồng Nai,Trảng Bom,Tây Hòa,1A
Hồ Chí Minh,Quận 7,Phú Thuận,Nguyễn Văn Quỳ
Hồ Chí Minh,Thủ Đức,Linh Xuân,QL.1K
Bình Dương,Dĩ An,Tân Đông Hiệp,TL.743B
Hà Nội,Long Biên,Việt Hưng,Ngõ 80 Hoa Lâm
Bình Dương,Bến Cát,Hòa Lợi,Nguyễn Văn Thành
Hồ Chí Minh,Thủ Đức,Phước Long B,Tăng Nhơn Phú
Hà Nội,Nam Từ Liêm,Phường Mỹ Đình 2,Mỹ Đình
Đồng Nai,Trảng Bom,Thị Trấn Trảng Bom,Trần Phú
Hồ Chí Minh,Thủ Đức,Tam Bình,Lô A
Hà Nội,Nam Từ Liêm,Xuân Phương,Trịnh Văn Bô
Hồ Chí Minh,Thủ Đức,Long Bình,Hoàng Hữu Nam
Hà Nội,Long Biên,Long Biên,Ngõ 12 Thạch Cầu
Bắc Ninh,Yên Phong,Yên Phụ,Đi Bắc Ninh
Bình Dương,Dĩ An,Tân Bình,Mỹ Phước-Tân Vạn
Hồ Chí Minh,Bình Tân,Tân Tạo A,Nguyễn Văn Cự
Đồng Nai,Biên Hòa,Hóa An,Bùi Hữu Nghĩa
Hồ Chí Minh,Củ Chi,Phạm Văn Cội,Số 490
Hồ Chí Minh,Tân Phú,Tây Thạnh,C4
Hà Nội,Thường Tín,Văn Bình,Thành Công
Đồng Nai,Biên Hòa,Tam Phước,QL.51
Bình Dương,Thuận An,Vĩnh Phú,Hẻm 13 Đại Lộ Bình Dương
Hồ Chí Minh,Bình Tân,Tân Tạo A,Nguyễn Cửu Phú
Đà Nẵng,Sơn Trà,An Hải Bắc,Lý Đạo Thành
Khánh Hòa,Nha Trang,Vĩnh Hòa,Phạm Văn Đồng
Đồng Nai,Vĩnh Cửu,Thiện Tân,Tân Hiền
Đà Nẵng,Hòa Vang,Hòa Châu,Văn Tiến Dũng
Hồ Chí Minh,Bình Tân,Bình Hưng Hòa,Lê Trọng Tấn
Hồ Chí Minh,Bình Chánh,Bình Chánh,Trịnh Như Khuê
Hà Nội,Hà Đông,Biên Giang,Biên Giang
Hà Nội,Thanh Oai,Mỹ Hưng,Ngõ Kho
Hà Nội,Nam Từ Liêm,Trung Văn,Hẻm 23 Đại Linh
Bình Dương,Thuận An,Thuận Giao,D2
Hồ Chí Minh,Quận 7,Phú Thuận,Hẻm 12 Đào Trí
Bình Dương,Thuận An,An Thạnh,Thủ Khoa Huân
Hà Nội,Đông Anh,Việt Hùng,Việt Hùng
Bình Dương,Bến Cát,Mỹ Phước,Bình Dương
Bình Dương,Thủ Dầu Một,Định Hòa,Nguyễn Văn Thành
Thái Bình,Thái Bình,Quang Trung,Phan Bá Vành
Hà Nội,Đan Phượng,Đan Phượng,Ngõ Cầu
Hồ Chí Minh,Bình Chánh,Vĩnh Lộc B,Võ Văn Vân
Hà Nội,Đông Anh,Nguyên Khê,Nguyên Khê
Hà Nội,Gia Lâm,Kiêu Kỵ,Kiêu Kỵ
Hồ Chí Minh,Tân Phú,Tây Thạnh,Dương Đức Hiền
Bình Dương,Thuận An,Thuận Giao,Đại Lộ Bình Dương
Lâm Đồng,Bảo Lộc,Đại Lào,QL.20
Đà Nẵng,Hải Châu,Hòa Cường Nam,Trương Chí Cương
Hồ Chí Minh,Bình Tân,Tân Tạo A,Số 10
Hồ Chí Minh,Bình Chánh,Lê Minh Xuân,Trần Văn Giàu
Long An,Đức Hòa,Đức Hòa Hạ,ĐT10
Hồ Chí Minh,Tân Bình,Phường 3,Phạm Văn Hai
Hồ Chí Minh,Bình Thạnh,Phường 12,Nơ Trang Long
Bình Dương,Thủ Dầu Một,Phú Tân,H1
Hồ Chí Minh,Bình Chánh,Vĩnh Lộc A,Kinh Trung Ương
Long An,Đức Hòa,Mỹ Hạnh Nam,824
Hồ Chí Minh,Bình Chánh,Tân Nhựt,Tân Long
Hồ Chí Minh,Bình Chánh,Tân Kiên,Trần Đại Nghĩa
Hải Dương,Tứ Kỳ,Thị Trấn Tứ Kỳ,Lê Hồng Phong
Bắc Ninh,Tiên Du,Hoàn Sơn,Cầu Vượt Tiên Sơn
Hồ Chí Minh,Quận 1,Phạm Ngũ Lão,Bùi Viện
Hồ Chí Minh,Bình Chánh,Bình Hưng,Nguyễn Văn Linh
Hà Nội,Đống Đa,Văn Chương,Ngõ Linh Quang
Đà Nẵng,Thanh Khê,Thạc Gián,Nguyễn Tri Phương
Hồ Chí Minh,Bình Tân,Tân Tạo A,Trần Đại Nghĩa
Bình Dương,Thủ Dầu Một,Định Hòa,Võ Văn Kiệt
Đồng Nai,Trảng Bom,Xã Hố Nai 3,Hẻm 106 Chợ Chiều
Hồ Chí Minh,Bình Chánh,Lê Minh Xuân,Võ Hữu Lợi
Bà Rịa Vũng Tàu,Vũng Tàu,Phường 12,Phước Thắng
Hồ Chí Minh,Quận 4,Phường 16,Tôn Thất Thuyết
Bình Dương,Bến Cát,Mỹ Phước,XC 2
Bình Định,Quy Nhơn,Nhơn Bình,Điện Biên Phủ
Đà Nẵng,Sơn Trà,Phước Mỹ,Võ Nguyên Giáp
Bình Dương,Thủ Dầu Một,Phú Cường,Đinh Bộ Lĩnh
Hà Nội,Đông Anh,Uy Nỗ,Phúc Lộc
Đồng Nai,Biên Hòa,Thống Nhất,Nguyễn Văn Hoa
Hà Nam,Phủ Lý,Lương Khánh Thiện,Chợ Phủ Lý; Lê Lợi
Đồng Nai,Trảng Bom,Bắc Sơn,Vào Trường Minh Đức
Hồ Chí Minh,Củ Chi,Phước Vĩnh An,Tỉnh Lộ 8
Hồ Chí Minh,Thủ Đức,Linh Trung,Linh Trung
Hồ Chí Minh,Thủ Đức,Tam Phú,Tam Bình
Bà Rịa Vũng Tàu,Bà Rịa,Phước Trung,Trần Xuân Độ
Hồ Chí Minh,Quận 12,Tân Thới Nhất,Tân Thới Nhất 8
Bình Dương,Bến Cát,Phú An,Nguyễn Chí Thanh
Khánh Hòa,Nha Trang,Phước Long,Khúc Thừa Dụ
Hà Nội,Hoàng Mai,Định Công,Bùi Xương Trạch
Hồ Chí Minh,Thủ Đức,Long Thạnh Mỹ,Nguyễn Xiển
Hồ Chí Minh,Thủ Đức,Bình Chiểu,Lê Thị Hoa
Hồ Chí Minh,Thủ Đức,Hiệp Bình Phước,13
Hồ Chí Minh,Thủ Đức,Linh Đông,Số 22
Hồ Chí Minh,Thủ Đức,Linh Tây,Hẻm 2 Số 9
Đồng Nai,Biên Hòa,Tân Hòa,1A
Hồ Chí Minh,Hóc Môn,Bà Điểm,Ấp Đông Lân
Hồ Chí Minh,Phú Nhuận,Phường 11,Nguyễn Văn Trỗi
Hồ Chí Minh,Quận 12,Thới An,1A
Hồ Chí Minh,Phú Nhuận,Phường 9,Đào Duy Anh
Hồ Chí Minh,Quận 4,Phường 13,Nguyễn Tất Thành
Đắk Lắk,Krông Păk,Hòa Đông,QL.26
Hà Nội,Hà Đông,Dương Nội,Ỷ La
Hà Nội,Bắc Từ Liêm,Thụy Phương,Thuỵ Phương
Bình Dương,Bàu Bàng,Lai Hưng,13
Hồ Chí Minh,Thủ Đức,Hiệp Bình Phước,Số 8
Hồ Chí Minh,Nhà Bè,Hiệp Phước,Phan Văn Bảy
Hồ Chí Minh,Thủ Đức,Long Bình,Nguyễn Xiển
Khánh Hòa,Nha Trang,Vĩnh Lương,Hẻm 307 1A
Hồ Chí Minh,Nhà Bè,Phước Kiển,Trần Thị Liền
Hồ Chí Minh,Quận 10,Phường 15,Tô Hiến Thành
Tiền Giang,Cái Bè,An Hữu,1A
Tiền Giang,Cai Lậy,Bình Phú,QL.1A
Hải Phòng,Hải An,Phường Đông Hải 2,Đình Vũ
Bà Rịa Vũng Tàu,Bà Rịa,Long Hương,Nguyễn Hữu Cảnh
Hồ Chí Minh,Gò Vấp,Phường 15,Tô Ngọc Vân
Hồ Chí Minh,Quận 12,An Phú Đông,Nguyễn Thị Nhuần
Hồ Chí Minh,Quận 12,An Phú Đông,Võ Thị Liễu
Hồ Chí Minh,Thủ Đức,Linh Xuân,11
Hải Phòng,Kiến An,Lãm Hà,Đoàn Kết
Bình Định,Quy Nhơn,Ghềnh Ráng,Nguyễn Văn
Hồ Chí Minh,Quận 7,Phú Thuận,Gò Môi
Khánh Hòa,Nha Trang,Phước Long,Vương Thừa Vũ
Hồ Chí Minh,Quận 12,Hiệp Thành,Lê Văn Khương
Hồ Chí Minh,Bình Tân,Bình Hưng Hòa B,1A
Hải Phòng,Hải An,Thành Tô,Đồng Xá
Hồ Chí Minh,Nhà Bè,Phước Kiển,A2
Đồng Nai,Long Khánh,Xuân An,Nguyễn Thị Minh Khai
Đà Nẵng,Cẩm Lệ,Hòa Xuân,Võ Chí Công
Long An,Tân An,Phường 4,Nguyễn Thị Nhỏ
Đà Nẵng,Hải Châu,Phường Hải Châu 2,Ngô Gia Tự
Hồ Chí Minh,Thủ Đức,Linh Chiểu,Hoàng Diệu 2
Hồ Chí Minh,Quận 8,Phường 2,Âu Dương Lân
Hồ Chí Minh,Thủ Đức,Phước Long A,Xa Lộ Hà Nội
Hồ Chí Minh,Quận 7,Tân Thuận Đông,2
Đồng Nai,Biên Hòa,Tân Hòa,QL.1A
Hồ Chí Minh,Quận 10,Phường 7,Nguyễn Kim
Đồng Nai,Nhơn Trạch,Phước Thiền,Ấp Chợ
Đồng Nai,Trảng Bom,Đông Hòa,Chợ 1
Hồ Chí Minh,Thủ Đức,Phú Hữu,Hẻm 835/50/7 Nguyễn Duy Trinh
Hồ Chí Minh,Thủ Đức,Linh Xuân,Lê Văn Tách
Hồ Chí Minh,Thủ Đức,Bình Chiểu,Cầu Vượt Sóng Thần 1
Hồ Chí Minh,Thủ Đức,Phú Hữu,Nguyễn Duy Trinh
Long An,Đức Hòa,Đức Hòa Hạ,Số 1
Long An,Đức Hòa,Đức Hòa Hạ,Đức Hòa Hạ
Hồ Chí Minh,Bình Chánh,Phong Phú,Trịnh Quang Nghị
Hồ Chí Minh,Bình Chánh,Đa Phước,Liên Ấp 1-2
Hồ Chí Minh,Thủ Đức,Trường Thọ,Số 1
Đà Nẵng,Sơn Trà,Mân Thái,Hoàng Sa
Bình Dương,Thuận An,Lái Thiêu,Cách Mạng Tháng 8
Hồ Chí Minh,Thủ Đức,Bình Chiểu,Nhánh Phụ Ba Bò
Hồ Chí Minh,Thủ Đức,Linh Trung,QL.1A
Hải Phòng,Lê Chân,Vĩnh Niệm,Thiên Lôi
Đà Nẵng,Ngũ Hành Sơn,Khuê Mỹ,Doãn Uẩn
Hồ Chí Minh,Thủ Đức,Long Bình,Cầu Vượt 2
Hồ Chí Minh,Bình Tân,Bình Trị Đông,Tân Hòa Đông
Đà Nẵng,Cẩm Lệ,Hòa Xuân,Nguyễn Đình Thi
Lâm Đồng,Đà Lạt,Phường 7,Xô Viết Nghệ Tĩnh
Đà Nẵng,Cẩm Lệ,Hòa Xuân,Cồn Dầu 1
Hồ Chí Minh,Hóc Môn,Trung Chánh,Hẻm 94 Quang Trung
Hồ Chí Minh,Bình Thạnh,Phường 13,Hẻm 8 Đặng Thùy Trâm
Kiên Giang,Rạch Giá,Vĩnh Thanh Vân,Đinh Liệt
Hồ Chí Minh,Quận 12,Trung Mỹ Tây,Nguyễn Ảnh Thủ
Hà Nội,Thanh Trì,Tân Triều,Ngõ 68 Triều Khúc
Thái Nguyên,Sông Công,Thắng Lợi,Nguyễn Khuyến
Hải Phòng,Thủy Nguyên,Đông Sơn,QL.10
Hồ Chí Minh,Bình Tân,An Lạc,Võ Văn Kiệt
Hồ Chí Minh,Bình Thạnh,Phường 13,Bình Lợi
Hồ Chí Minh,Bình Tân,Bình Trị Đông A,Hẻm 24 Bến Lội
An Giang,Long Xuyên,Mỹ Bình,Trần Hưng Đạo
Hồ Chí Minh,Hóc Môn,Bà Điểm,Phan Văn Hớn
Hồ Chí Minh,Bình Chánh,Vĩnh Lộc B,Vĩnh Lộc
Hồ Chí Minh,Thủ Đức,Bình Trưng Đông,Nguyễn Duy Trinh
Hồ Chí Minh,Hóc Môn,Xuân Thới Thượng,Phan Văn Hớn
Hồ Chí Minh,Quận 12,Thạnh Lộc,1
Long An,Đức Hòa,Mỹ Hạnh Nam,TL.824
Long An,Đức Hòa,Đức Hòa Hạ,Hải Sơn Tân Đức
Hồ Chí Minh,Bình Tân,An Lạc,1A
Hồ Chí Minh,Quận 4,Phường 18,Nguyễn Tất Thành
Lâm Đồng,Đà Lạt,Phường 7,Cao Bá Quát
Hồ Chí Minh,Quận 12,Thạnh Xuân,Hà Huy Giáp
An Giang,Long Xuyên,Mỹ Quý,Trần Hưng Đạo
Hồ Chí Minh,Bình Chánh,Vĩnh Lộc A,Liên Ấp 2-6
Khánh Hòa,Nha Trang,Phước Đồng,Trần Sâm
Hà Nội,Bắc Từ Liêm,Phường Cổ Nhuế 2,Ngõ Việt Hà 2
Hà Nội,Hoàng Mai,Định Công,Trần Điền
Hà Nội,Thanh Trì,Tân Triều,Đại Lộ Chu Văn An
Hồ Chí Minh,Bình Tân,Bình Hưng Hòa B,Số 1
Hồ Chí Minh,Bình Chánh,Lê Minh Xuân,Kênh A
Bình Dương,Bến Cát,Tân Định,Đại Lộ Bình Dương
Bình Dương,Thủ Dầu Một,Định Hòa,ĐX-083
Hồ Chí Minh,Quận 7,Phú Mỹ,Phạm Hữu Lầu
Đồng Nai,Biên Hòa,Trảng Dài,Hẻm 2 Nguyễn Văn Tiên
Long An,Đức Hòa,Đức Hòa Hạ,Số 9
Hồ Chí Minh,Quận 7,Tân Phong,Số 2
Hà Nội,Hai Bà Trưng,Trương Định,Hoàng Mai
Hồ Chí Minh,Quận 12,Thạnh Lộc,Cầu An Phú Đông 2
Bình Dương,Dĩ An,Tân Đông Hiệp,D1
Bình Phước,Đồng Xoài,Tân Bình,Số 1
Đà Nẵng,Hải Châu,Thạch Thang,Nguyễn Du
Hưng Yên,Văn Giang,Xuân Quan,Trúc
Đà Nẵng,Ngũ Hành Sơn,Mỹ An,Trần Bạch Đằng
Hải Phòng,Kiến An,Bắc Sơn,Lê Duẩn
Hải Phòng,Kiến An,Quán Trữ,Cụm Khu Công Nghiệp
Bình Dương,Dĩ An,An Bình,Cầu Vượt Sóng Thần 1
Bình Dương,Thủ Dầu Một,Chánh Nghĩa,Bàu Bàng
Hà Nội,Hoài Đức,Kim Chung,Ngõ 2 Lai Xá
Hồ Chí Minh,Quận 12,Tân Thới Nhất,QL.1A
Hồ Chí Minh,Quận 12,Đông Hưng Thuận,Hẻm 2 Nguyễn Văn Quá
Hồ Chí Minh,Gò Vấp,Phường 5,Nguyễn Văn Nghi
Hồ Chí Minh,Quận 12,Thạnh Xuân,Hẻm 85/62 Thạnh Xuân 52
Hồ Chí Minh,Quận 12,An Phú Đông,Vườn Lài
Đồng Nai,Biên Hòa,Tam Phước,2
Bình Dương,Dĩ An,Đông Hòa,QL.1K
Bình Dương,Thuận An,Bình Hòa,Số 3 VSIP
Hồ Chí Minh,Bình Chánh,Phạm Văn Hai,Thanh Niên
Hồ Chí Minh,Bình Chánh,Vĩnh Lộc B,Đê Bao 2-3
Hồ Chí Minh,Bình Tân,Bình Hưng Hòa A,Lê Văn Quới
Hồ Chí Minh,Củ Chi,Tân Phú Trung,Hương Lộ 2
Hồ Chí Minh,Bình Chánh,Vĩnh Lộc A,Vĩnh Lộc
Hồ Chí Minh,Bình Chánh,Phạm Văn Hai,Trần Văn Giàu
Hồ Chí Minh,Hóc Môn,Xuân Thới Thượng,Phạm Văn Sáng
Hồ Chí Minh,Bình Chánh,Tân Kiên,1A
Hải Phòng,Lê Chân,Vĩnh Niệm,Nguyễn Văn Linh
Hồ Chí Minh,Thủ Đức,Tân Phú,Cầu Xây
Bình Dương,Thuận An,Bình Hòa,Đồng An
Hà Nội,Thanh Trì,Thị Trấn Văn Điển,Ngách 2/3 Tựu Liệt
Hà Nội,Gia Lâm,Yên Viên,Đình Xuyên
Hà Nội,Thanh Trì,Tứ Hiệp,Ngọc Hồi
Hồ Chí Minh,Củ Chi,Tân Phú Trung,Hồ Văn Tắng
Hồ Chí Minh,Hóc Môn,Thới Tam Thôn,Đặng Thúc Vịnh
Hồ Chí Minh,Quận 7,Tân Thuận Đông,Số 7
Hồ Chí Minh,Tân Phú,Tân Thới Hòa,Lương Minh Nguyệt
Đà Nẵng,Hòa Vang,Hòa Châu,Hà Duy Phiên
Hồ Chí Minh,Hóc Môn,Trung Chánh,AH1
Hồ Chí Minh,Quận 1,Nguyễn Cư Trinh,Nguyễn Thị Minh Khai
Hồ Chí Minh,Tân Phú,Phú Trung,Khuông Việt
Long An,Đức Hòa,Mỹ Hạnh Bắc,Mỹ Hạnh
Hồ Chí Minh,Củ Chi,Tân Thông Hội,Hương Lộ 2
Hồ Chí Minh,Quận 5,Phường 1,Nguyễn Văn Cừ
Hồ Chí Minh,Quận 12,An Phú Đông,1A
Hồ Chí Minh,Củ Chi,Phước Vĩnh An,Tỉnh Lộ 2
Hồ Chí Minh,Quận 12,Thới An,Lê Thị Riêng
Bắc Ninh,Thuận Thành,Gia Đông,QL.17
Hưng Yên,Hưng Yên,Hiến Nam,Quảng Trường
Bình Dương,Thủ Dầu Một,Phú Cường,Bàu Bàng
Long An,Bến Lức,Thị Trấn Bến Lức,1A
Hồ Chí Minh,Tân Phú,Hiệp Tân,Hẻm 252 Phan Anh
Bình Dương,Thuận An,Vĩnh Phú,Cau
Bình Dương,Thuận An,Thuận Giao,Thủ Khoa Huân
Đồng Nai,Long Thành,Tam An,Khu Công Nghiệp Long Thành
Đồng Nai,Long Thành,An Phước,Lò Gạch Cầu Nước Trong
An Giang,Long Xuyên,Mỹ Bình,Tôn Đức Thắng
Đồng Nai,Long Thành,Long An,Hẻm 881 51
Bình Phước,Đồng Xoài,Tân Phú,Hồ Huấn Nghiệp
Hà Nội,Bắc Từ Liêm,Thụy Phương,Ngõ 170 Tân Phong
Bình Dương,Dĩ An,Đông Hòa,Vành Đai
Hà Nội,Hoài Đức,An Khánh,Đại Lộ Thăng Long
Hồ Chí Minh,Bình Tân,Bình Hưng Hòa B,Hẻm 428 1A
Hồ Chí Minh,Quận 12,Đông Hưng Thuận,Nguyễn Văn Quá
Hồ Chí Minh,Thủ Đức,Bình Thọ,Công Lý
Bình Dương,Dĩ An,Đông Hòa,1A
Đồng Nai,Cẩm Mỹ,Xuân Đông,TL.765
Hồ Chí Minh,Quận 12,Tân Thới Hiệp,1A
Hà Nội,Đan Phượng,Thượng Mỗ,Ngõ 2
Bình Dương,Dĩ An,Tân Bình,Hẻm 2 Nguyễn Thị Minh Khai
Hồ Chí Minh,Bình Tân,Bình Hưng Hòa B,1
Hồ Chí Minh,Bình Tân,Tân Tạo,Tỉnh Lộ 10
Hồ Chí Minh,Bình Tân,Bình Hưng Hòa B,Cây Cám
Khánh Hòa,Nha Trang,Phước Hải,Số 4
Hồ Chí Minh,Hóc Môn,Xuân Thới Thượng,Dương Công Khi
Đà Nẵng,Ngũ Hành Sơn,Khuê Mỹ,Võ Nguyên Giáp
Hà Nội,Nam Từ Liêm,Mễ Trì,Mễ Trì
Hà Nội,Nam Từ Liêm,Tây Mỗ,Hẻm 47 Cầu Cốc
Đồng Nai,Nhơn Trạch,Phú Hữu,Lý Thái Tổ
Hồ Chí Minh,Nhà Bè,Phước Kiển,Phạm Hữu Lầu
Bình Dương,Thuận An,Bình Chuẩn,ĐT.743
Hà Nội,Thanh Trì,Tả Thanh Oai,Hẻm 8 Khu Đô Thị Đại Thanh
Hồ Chí Minh,Tân Bình,Phường 2,Cửu Long
Hồ Chí Minh,Thủ Đức,Phú Hữu,Bưng Ông Thoàn
Hồ Chí Minh,Quận 1,Cầu Kho,Trần Hưng Đạo
Hồ Chí Minh,Bình Tân,Bình Trị Đông,Hương Lộ 2
Hồ Chí Minh,Quận 7,Phú Thuận,Gò Ô Môi
Hồ Chí Minh,Thủ Đức,Trường Thạnh,Lã Xuân Oai
Hồ Chí Minh,Thủ Đức,Long Trường,Lã Xuân Oai
Quảng Nam,Núi Thành,Tam Hiệp,QL.1A
Đà Nẵng,Sơn Trà,Phước Mỹ,Phước Trường 1
Bình Dương,Thủ Dầu Một,Phú Hòa,Đại Lộ Bình Dương
Bình Dương,Thủ Dầu Một,Phú Tân,Điện Biên Phủ
Đà Nẵng,Ngũ Hành Sơn,Khuê Mỹ,Lê Văn Hiến
Hồ Chí Minh,Thủ Đức,Linh Xuân,1A
Đồng Nai,Biên Hòa,Long Bình Tân,D2 51
Đồng Nai,Long Thành,Long An,Hẻm 720 51
Hà Nội,Gia Lâm,Bát Tràng,Ngõ Chợ
Hồ Chí Minh,Quận 7,Tân Hưng,Trần Xuân Soạn
Hồ Chí Minh,Quận 12,Thới An,QL.1A
Đồng Nai,Trảng Bom,Thị Trấn Trảng Bom,3 Tháng 2
Bình Dương,Dĩ An,Tân Đông Hiệp,DT743B
Khánh Hòa,Diên Khánh,Diên Phú,1A
Hồ Chí Minh,Bình Tân,Bình Hưng Hòa,Tân Kỳ Tân Quý
Hồ Chí Minh,Quận 7,Tân Thuận Đông,Nguyễn Văn Quỳ
Hà Nội,Hà Đông,Phú La,Yên Nghĩa
Hưng Yên,Mỹ Hào,Minh Đức,5
Hồ Chí Minh,Thủ Đức,Bình Chiểu,Bình Chiểu
Hồ Chí Minh,Thủ Đức,Bình Chiểu,Hẻm 989/2 Tỉnh Lộ 43
Long An,Cần Giuộc,Tân Kim,Số 1
Long An,Đức Hòa,Đức Hòa Hạ,Tân Đức
Hồ Chí Minh,Bình Chánh,Vĩnh Lộc A,Ấp 1
Đắk Lắk,Buôn Ma Thuột,Tân An,Tránh Tây
Hồ Chí Minh,Thủ Đức,Thạnh Mỹ Lợi,Tạ Hiện
Hồ Chí Minh,Thủ Đức,Thạnh Mỹ Lợi,Nguyễn Thị Định
Hồ Chí Minh,Thủ Đức,Thạnh Mỹ Lợi,Quách Giai
Đắk Lắk,Buôn Ma Thuột,Tân An,Lý Tự Trọng
Bình Dương,Tân Uyên,Tân Phước Khánh,Tân Phước Khánh 7
Long An,Đức Hòa,Mỹ Hạnh Bắc,Số 3
Hồ Chí Minh,Củ Chi,Bình Mỹ,Võ Văn Bích
Hồ Chí Minh,Hóc Môn,Nhị Bình,Bùi Công Trừng
Hồ Chí Minh,Hóc Môn,Tân Hiệp,Tân Hiệp 18
Hà Nội,Thanh Oai,Kim Thư,21B
Hồ Chí Minh,Thủ Đức,Linh Trung,Xa Lộ Hà Nội
Hồ Chí Minh,Quận 12,Tân Thới Nhất,Trường Chinh
Bình Dương,Dĩ An,Đông Hòa,Trần Hưng Đạo
Hồ Chí Minh,Thủ Đức,Thạnh Mỹ Lợi,C
Hà Nội,Gia Lâm,Phù Đổng,Phù Đổng
Hồ Chí Minh,Gò Vấp,Phường 10,Quang Trung
Hà Nội,Long Biên,Đức Giang,Đức Giang
Hà Nội,Gia Lâm,Yên Thường,Đặng Phúc Thông
Hà Nội,Đông Anh,Thị Trấn Đông Anh,Ngõ 2
Hải Phòng,Kiến An,Lãm Hà,Tân Hà
Hà Nội,Quốc Oai,Thị Trấn Quốc Oai,Tỉnh Lộ 419
Đồng Nai,Biên Hòa,Long Bình,4 Khu Công Nghiệp Amata
Long An,Cần Đước,Phước Đông,Số 3
Hà Nội,Thanh Oai,Cự Khê,Thôn Cầu
Bình Dương,Thủ Dầu Một,Hòa Phú,Nguyễn Văn Linh
Hồ Chí Minh,Quận 7,Phú Thuận,Đào Trí
Đà Nẵng,Cẩm Lệ,Khuê Trung,Xô Viết Nghệ Tĩnh
Bình Dương,Bến Cát,Mỹ Phước,Cầu Quan
Hồ Chí Minh,Gò Vấp,Phường 8,Phạm Văn Chiêu
Đồng Nai,Biên Hòa,Long Bình Tân,Hẻm 50 D2 51
Hồ Chí Minh,Bình Chánh,Vĩnh Lộc B,Ấp 3B
Đồng Nai,Biên Hòa,Long Bình,Phan Đăng Lưu
Hưng Yên,Văn Lâm,Lạc Đạo,Quang
Hồ Chí Minh,Thủ Đức,Hiệp Bình Phước,Hẻm 389/16 13
Tây Ninh,Trảng Bàng,An Hòa,ĐT.787A
Bình Dương,Dĩ An,Dĩ An,Đại Lộ Thống Nhất
Đồng Nai,Vĩnh Cửu,Thạnh Phú,Đồng Khởi
Lâm Đồng,Đà Lạt,Phường 3,Phạm Ngũ Lão
Hà Nội,Hoàn Kiếm,Hàng Bồ,Lãn Ông
Hồ Chí Minh,Bình Thạnh,Phường 2,Bùi Hữu Nghĩa
Bình Dương,Thuận An,Bình Chuẩn,TL.743
Thừa Thiên Huế,Huế,Phú Hòa,Phan Đăng Lưu
Hồ Chí Minh,Quận 1,Đa Kao,Phan Kế Bính
Hồ Chí Minh,Quận 1,Bến Nghé,Tôn Thất Thiệp
Hồ Chí Minh,Quận 1,Bến Thành,Bùi Thị Xuân
Hồ Chí Minh,Quận 1,Bến Thành,Lý Tự Trọng
Hồ Chí Minh,Phú Nhuận,Phường 9,Phổ Quang
Hồ Chí Minh,Quận 3,Võ Thị Sáu,Nguyễn Thị Diệu
Hồ Chí Minh,Quận 10,Phường 12,Cách Mạng Tháng 8
Hồ Chí Minh,Quận 11,Phường 10,Hẻm 45 Ông Ích Khiêm
Hải Phòng,Ngô Quyền,Lê Lợi,Lê Lợi
Hà Nội,Tây Hồ,Quảng An,Tô Ngọc Vân
Hồ Chí Minh,Quận 6,Phường 13,An Dương Vương
Đà Nẵng,Cẩm Lệ,Hòa Xuân,Nguyễn Phước Lan
Hà Nội,Hoàn Kiếm,Chương Dương Độ,Bạch Đằng
Hải Phòng,An Dương,Thị Trấn An Dương,Phan Đăng Lưu
Hà Nội,Đống Đa,Nam Đồng,Xã Đàn
Hà Nội,Gia Lâm,Đặng Xá,QL.5
Hồ Chí Minh,Quận 3,Phường 14,Trần Quang Diệu
Hồ Chí Minh,Tân Phú,Tân Sơn Nhì,Nguyễn Cửu Đàm
Hồ Chí Minh,Tân Bình,Phường 15,Nguyễn Phúc Chu
Hà Nội,Cầu Giấy,Trung Hòa,Đại Lộ Thăng Long
Hà Nội,Nam Từ Liêm,Mễ Trì,Lương Thế Vinh
Hải Phòng,Lê Chân,Vĩnh Niệm,Võ Nguyên Giáp
Hải Phòng,Lê Chân,Trại Cau,Tô Hiệu
Hồ Chí Minh,Quận 10,Phường 14,Tô Hiến Thành
Hồ Chí Minh,Thủ Đức,Hiệp Bình Phước,Hiệp Bình
Đà Nẵng,Hải Châu,Hòa Thuận Tây,Nguyễn Hữu Thọ
Hồ Chí Minh,Gò Vấp,Phường 10,Phan Văn Trị
Hồ Chí Minh,Tân Phú,Sơn Kỳ,Đoàn Giỏi
Hồ Chí Minh,Quận 1,Tân Định,Hai Bà Trưng
Hồ Chí Minh,Quận 3,Phường 10,Cách Mạng Tháng 8
Hồ Chí Minh,Bình Thạnh,Phường 11,Phan Văn Trị
Đà Nẵng,Hải Châu,Thạch Thang,Nguyễn Thị Minh Khai
Hồ Chí Minh,Quận 3,Võ Thị Sáu,Võ Văn Tần
Hồ Chí Minh,Quận 3,Võ Thị Sáu,Nam Kỳ Khởi Nghĩa
Hồ Chí Minh,Quận 1,Nguyễn Cư Trinh,Cao Bá Nhạ
Đà Nẵng,Ngũ Hành Sơn,Hòa Hải,Trần Đại Nghĩa
Đà Nẵng,Hải Châu,Phường Hải Châu 1,Lê Duẩn
Đà Nẵng,Thanh Khê,Thạc Gián,Nguyễn Văn Linh
Đà Nẵng,Thanh Khê,Chính Gián,Võ Văn Tần
Đà Nẵng,Hải Châu,Hòa Cường Nam,2 Tháng 9
Hà Nội,Đống Đa,Hàng Bột,Tôn Đức Thắng
Đà Nẵng,Ngũ Hành Sơn,Khuê Mỹ,Đoàn Khuê
Hồ Chí Minh,Bình Thạnh,Phường 25,Xô Viết Nghệ Tĩnh
Đồng Nai,Biên Hòa,Tân Mai,Phạm Văn Thuận
Hồ Chí Minh,Tân Bình,Phường 12,Trường Chinh
Hồ Chí Minh,Bình Thạnh,Phường 15,Điện Biên Phủ
Hồ Chí Minh,Bình Tân,An Lạc,An Dương Vương
Hà Nội,Hà Đông,Kiến Hưng,Mậu Lương
Hồ Chí Minh,Quận 1,Đa Kao,Hẻm Nguyễn Đình Chiểu
Hà Nội,Cầu Giấy,Yên Hòa,Trần Kim Xuyến
Hồ Chí Minh,Quận 7,Tân Phong,Nguyễn Cao
Hồ Chí Minh,Quận 7,Tân Hưng,Số 1
Hà Nội,Long Biên,Bồ Đề,Hồng Tiến
Hà Nội,Đống Đa,Trung Liệt,Đặng Tiến Đông
Hồ Chí Minh,Bình Thạnh,Phường 6,Hoàng Hoa Thám
Hồ Chí Minh,Quận 1,Bến Thành,Lê Thánh Tôn
Hồ Chí Minh,Quận 7,Tân Kiểng,Lâm Văn Bền
Hồ Chí Minh,Gò Vấp,Phường 1,Phạm Văn Đồng
Hồ Chí Minh,Phú Nhuận,Phường 4,Thích Quảng Đức
Hồ Chí Minh,Bình Tân,Bình Hưng Hòa B,Nguyễn Thị Tú
Hồ Chí Minh,Bình Thạnh,Phường 25,Nguyễn Gia Trí
Hồ Chí Minh,Phú Nhuận,Phường 2,Hoa Phượng
Hồ Chí Minh,Nhà Bè,Phước Kiển,Lê Văn Lương
Đà Nẵng,Hải Châu,Nam Dương,Nguyễn Văn Linh
Hồ Chí Minh,Quận 7,Tân Phú,Nguyễn Thị Thập
Hồ Chí Minh,Quận 11,Phường 6,Tạ Uyên
Đà Nẵng,Cẩm Lệ,Khuê Trung,Nguyễn Hữu Thọ
Hồ Chí Minh,Quận 12,Tân Chánh Hiệp,Tân Chánh Hiệp 10
Hồ Chí Minh,Quận 1,Nguyễn Thái Bình,Pasteur
Hồ Chí Minh,Quận 7,Tân Phong,Nội Khu Hưng Gia 2
Hồ Chí Minh,Tân Bình,Phường 1,Nguyễn Văn Trỗi
Hồ Chí Minh,Quận 1,Phạm Ngũ Lão,Lương Hữu Khánh
Hồ Chí Minh,Quận 1,Bến Thành,Tôn Thất Tùng
Hồ Chí Minh,Quận 1,Tân Định,Trần Quang Khải
Hồ Chí Minh,Quận 3,Phường 5,Nguyễn Đình Chiểu
Hồ Chí Minh,Thủ Đức,Hiệp Bình Phước,Số 4
Đà Nẵng,Hải Châu,Hòa Cường Bắc,Nguyễn Hữu Thọ
Bình Dương,Dĩ An,Bình Thắng,1K
Hồ Chí Minh,Quận 1,Cô Giang,Hẻm 3 Đề Thám
Hà Nội,Thanh Xuân,Thanh Xuân Trung,Nguyễn Tuân
Hà Nội,Đống Đa,Thổ Quan,Khâm Thiên
Hồ Chí Minh,Quận 3,Võ Thị Sáu,Hẻm 315 Hai Bà Trưng
Hà Nội,Cầu Giấy,Trung Hòa,Quan Nhân
Đồng Nai,Biên Hòa,Quang Vinh,Nguyễn Văn Nghĩa
Hồ Chí Minh,Quận 4,Phường 9,Hoàng Diệu
Hà Nội,Tây Hồ,Nhật Tân,Âu Cơ
Hồ Chí Minh,Tân Bình,Phường 2,Bùi Thị Xuân
Hồ Chí Minh,Quận 10,Phường 5,Nguyễn Tri Phương
Hồ Chí Minh,Quận 1,Đa Kao,Phùng Khắc Khoan
Capital,Victoria,Downtown Victoria,View St
Hồ Chí Minh,Bình Thạnh,Phường 14,Lê Quang Định
Hồ Chí Minh,Quận 5,Phường 12,Nguyễn Chí Thanh
Hồ Chí Minh,Quận 1,Đa Kao,Nguyễn Đình Chiểu
Đà Nẵng,Hải Châu,Phường Hải Châu 1,Hùng Vương
Hà Nội,Nam Từ Liêm,Trung Văn,Phùng Khoang
Hồ Chí Minh,Bình Thạnh,Phường 24,Bạch Đằng
Hà Nội,Tây Hồ,Thụy Khuê,Văn Cao
Hồ Chí Minh,Gò Vấp,Phường 16,Lê Đức Thọ
Hồ Chí Minh,Quận 1,Bến Thành,Nguyễn Trãi
Hà Nội,Hoàn Kiếm,Tràng Tiền,Nguyễn Khắc Cần
Hà Nội,Hai Bà Trưng,Cầu Dền,Bạch Mai
Hồ Chí Minh,Tân Bình,Phường 12,Lê Trung Nghĩa
Hồ Chí Minh,Thủ Đức,Trường Thọ,N2
Hồ Chí Minh,Thủ Đức,Linh Đông,Phạm Văn Đồng
Bình Dương,Dĩ An,Dĩ An,L
Hồ Chí Minh,Quận 1,Đa Kao,Điện Biên Phủ
Hồ Chí Minh,Quận 1,Đa Kao,Mạc Đĩnh Chi
Hà Nội,Thanh Xuân,Nhân Chính,Khuất Duy Tiến
Bình Dương,Dĩ An,Tân Bình,Liên Huyện
Hồ Chí Minh,Quận 1,Nguyễn Thái Bình,Nam Kỳ Khởi Nghĩa
Hồ Chí Minh,Quận 12,Thạnh Lộc,Hà Huy Giáp
Hà Nội,Hà Đông,Văn Quán,Nguyễn Khuyến
Đà Nẵng,Hải Châu,Hòa Cường Bắc,2 Tháng 9
Hà Nội,Tây Hồ,Tứ Liên,Âu Cơ
Hồ Chí Minh,Quận 6,Phường 12,Kinh Dương Vương
Hồ Chí Minh,Quận 1,Bến Nghé,Pasteur
Hà Nội,Long Biên,Bồ Đề,Nguyễn Văn Cừ
Hồ Chí Minh,Thủ Đức,Hiệp Bình Chánh,Phạm Văn Đồng
Hồ Chí Minh,Gò Vấp,Phường 10,Nguyễn Văn Lượng
Hồ Chí Minh,Quận 1,Đa Kao,Nguyễn Thị Minh Khai
Hồ Chí Minh,Quận 7,Tân Hưng,Hoàng Trọng Mậu
Hồ Chí Minh,Nhà Bè,Thị Trấn Nhà Bè,Huỳnh Tấn Phát
Hồ Chí Minh,Quận 7,Tân Phong,Nội Khu Hưng Phước 2
Hồ Chí Minh,Quận 7,Tân Thuận Tây,Nguyễn Văn Linh
Hồ Chí Minh,Quận 1,Đa Kao,Nguyễn Văn Thủ
Hồ Chí Minh,Tân Phú,Phú Trung,Hoàng Xuân Nhị
Hồ Chí Minh,Quận 1,Bến Nghé,Chu Mạnh Trinh
Hồ Chí Minh,Quận 1,Tân Định,Lý Văn Phức
Hồ Chí Minh,Bình Tân,Bình Hưng Hòa A,Số 5
Hồ Chí Minh,Phú Nhuận,Phường 2,Hoa Lan
Hồ Chí Minh,Thủ Đức,Linh Chiểu,Võ Văn Ngân
Hồ Chí Minh,Bình Thạnh,Phường 25,D5
Hồ Chí Minh,Quận 10,Phường 14,Lý Thường Kiệt
Hồ Chí Minh,Bình Thạnh,Phường 11,Lê Quang Định
Hồ Chí Minh,Quận 1,Bến Nghé,Thái Văn Lung
Hồ Chí Minh,Quận 1,Bến Thành,Sương Nguyệt Anh
Hồ Chí Minh,Quận 1,Đa Kao,Mai Thị Lựu
Hồ Chí Minh,Quận 3,Phường 13,Lê Văn Sỹ
Hồ Chí Minh,Quận 1,Bến Nghé,Đồng Khởi
Hồ Chí Minh,Tân Bình,Phường 12,Cộng Hòa
Hồ Chí Minh,Quận 1,Tân Định,Đặng Dung
Hồ Chí Minh,Quận 8,Phường 1,Dương Bá Trạc
Hồ Chí Minh,Phú Nhuận,Phường 15,Phan Đình Phùng
Quảng Ngãi,Quảng Ngãi,Lê Hồng Phong,An Dương Vương
Hồ Chí Minh,Quận 4,Phường 13,Hoàng Diệu
Cần Thơ,Ô Môn,Châu Văn Liêm,Trần Hưng Đạo
Đà Nẵng,Sơn Trà,Nại Hiên Đông,Đào Duy Kỳ
Hồ Chí Minh,Quận 10,Phường 12,Sư Vạn Hạnh
Lâm Đồng,Đà Lạt,Phường 4,Hoàng Văn Thụ
Hồ Chí Minh,Phú Nhuận,Phường 13,Lê Văn Sỹ
Lâm Đồng,Đà Lạt,Phường 1,Ba Tháng Hai
Hồ Chí Minh,Bình Thạnh,Phường 17,Xô Viết Nghệ Tĩnh
Hồ Chí Minh,Tân Phú,Hòa Thạnh,Lũy Bán Bích
Thừa Thiên Huế,Huế,Phước Vĩnh,Trần Phú
Cần Thơ,Ninh Kiều,Tân An,Hai Bà Trưng
Hà Tĩnh,Kỳ Anh,Hưng Trí,Lê Đại Hành
Hà Nội,Hà Đông,Mộ Lao,Nguyễn Văn Lộc
Khánh Hòa,Nha Trang,Phước Tiến,Ngô Gia Tự
Hồ Chí Minh,Tân Bình,Phường 2,Lê Văn Sỹ
Hồ Chí Minh,Tân Phú,Hòa Thạnh,Thoại Ngọc Hầu
Hồ Chí Minh,Phú Nhuận,Phường 2,Phan Xích Long
Hà Nội,Long Biên,Đức Giang,Ngô Gia Tự
Hồ Chí Minh,Gò Vấp,Phường 3,Nguyễn Kiệm
Hồ Chí Minh,Quận 12,Hiệp Thành,Nguyễn Ảnh Thủ
Hồ Chí Minh,Tân Phú,Tân Quý,Tân Quý
Hải Phòng,Hồng Bàng,Minh Khai,Minh Khai
Khánh Hòa,Nha Trang,Phước Long,Đại Lộ Nguyễn Tất Thành
Hồ Chí Minh,Quận 1,Bến Thành,Cách Mạng Tháng 8
Hồ Chí Minh,Thủ Đức,Tăng Nhơn Phú A,Lê Văn Việt
Hồ Chí Minh,Quận 10,Phường 10,Lê Hồng Phong
Hồ Chí Minh,Quận 7,Tân Thuận Đông,Huỳnh Tấn Phát
Bình Dương,Thủ Dầu Một,Hiệp Thành,Bác Sĩ Yersin
Hồ Chí Minh,Quận 1,Tân Định,Hẻm 10 Trần Nhật Duật
Cần Thơ,Ninh Kiều,An Hòa,Mậu Thân
Bình Dương,Thủ Dầu Một,Phú Thọ,Hẻm 2 Trần Bình Trọng
Hồ Chí Minh,Quận 10,Phường 14,3 Tháng 2
Hồ Chí Minh,Quận 10,Phường 11,Nguyễn Thượng Hiền
Hồ Chí Minh,Tân Phú,Tân Thành,Trương Vĩnh Ký
Hồ Chí Minh,Phú Nhuận,Phường 2,Hẻm Phan Xích Long
Hồ Chí Minh,Phú Nhuận,Phường 8,Nguyễn Trọng Tuyển
Hồ Chí Minh,Tân Bình,Phường 14,Bàu Cát
Hà Nội,Nam Từ Liêm,Mễ Trì,Đỗ Đức Dục
Hà Nội,Đống Đa,Láng Hạ,Nguyễn Chí Thanh
Bình Thuận,Phan Thiết,Xuân An,Hoàng Minh Giám
Khánh Hòa,Nha Trang,Vạn Thắng,Hoàng Văn Thụ
Hồ Chí Minh,Quận 5,Phường 4,An Dương Vương
Hải Dương,Hải Dương,Quang Trung,Phạm Hồng Thái
Hồ Chí Minh,Quận 3,Phường 4,Vườn Chuối
Hồ Chí Minh,Quận 10,Phường 14,Thành Thái
Hồ Chí Minh,Quận 10,Phường 12,Trần Thiện Chánh
Hồ Chí Minh,Quận 1,Bến Thành,Phan Chu Trinh
Quảng Ninh,Cẩm Phả,Cẩm Trung,Tô Hiệu
Khánh Hòa,Nha Trang,Vạn Thạnh,Hai Bà Trưng
Hồ Chí Minh,Phú Nhuận,Phường 5,Phan Đăng Lưu
Hồ Chí Minh,Phú Nhuận,Phường 11,Trần Cao Vân
Hồ Chí Minh,Tân Bình,Phường 2,Trường Sơn
Hà Nội,Cầu Giấy,Nghĩa Đô,Hoàng Quốc Việt
Hồ Chí Minh,Hóc Môn,Đông Thạnh,Đặng Thúc Vịnh
Hồ Chí Minh,Quận 1,Tân Định,Trần Nhật Duật
Bắc Giang,Bắc Giang,Dĩnh Trì,Nguyễn Trãi
Hà Nội,Đống Đa,Nam Đồng,Nguyễn Lương Bằng
Hà Nội,Tây Hồ,Quảng An,Âu Cơ
Hồ Chí Minh,Quận 3,Võ Thị Sáu,Lê Ngô Cát
Tiền Giang,Mỹ Tho,Phường 5,Lý Thường Kiệt B
Hồ Chí Minh,Quận 10,Phường 10,Điện Biên Phủ
Hồ Chí Minh,Tân Bình,Phường 10,Âu Cơ
Hồ Chí Minh,Quận 1,Bến Thành,Lê Lai
Hồ Chí Minh,Quận 7,Tân Quy,Hẻm C7 Số 53
Hà Nội,Long Biên,Ngọc Lâm,Nguyễn Văn Cừ
Hồ Chí Minh,Tân Bình,Phường 1,Phạm Văn Hai
Hồ Chí Minh,Quận 10,Phường 12,Ba Tháng Hai
Hồ Chí Minh,Tân Bình,Phường 4,Cộng Hòa
Hồ Chí Minh,Bình Thạnh,Phường 13,Phạm Văn Đồng
Đà Nẵng,Hải Châu,Phước Ninh,Hoàng Văn Thụ
Hồ Chí Minh,Thủ Đức,Phước Long A,Đỗ Xuân Hợp
Hồ Chí Minh,Quận 7,Phú Mỹ,Số 4
Hồ Chí Minh,Quận 7,Bình Thuận,Lý Phục Man
Đà Nẵng,Thanh Khê,Chính Gián,Thái Thị Bôi
Hà Nội,Cầu Giấy,Quan Hoa,Nguyễn Khánh Toàn
Hà Nội,Hai Bà Trưng,Phố Huế,Nguyễn Công Trứ
Hồ Chí Minh,Bình Thạnh,Phường 6,Lam Sơn
Hà Nội,Thanh Xuân,Khương Mai,Nguyễn Ngọc Nại
Đà Nẵng,Cẩm Lệ,Hòa Xuân,Tôn Thất Dương Kỵ
Hà Nội,Cầu Giấy,Mai Dịch,Hồ Tùng Mậu
Hồ Chí Minh,Thủ Đức,An Phú,Nguyễn Hoàng
Đà Nẵng,Hải Châu,Thanh Bình,Cao Thắng
Khánh Hòa,Nha Trang,Xương Huân,Nguyễn Bỉnh Khiêm
Hồ Chí Minh,Phú Nhuận,Phường 2,Hoa Hồng
Hồ Chí Minh,Quận 11,Phường 15,Lý Thường Kiệt
Hồ Chí Minh,Quận 3,Võ Thị Sáu,Hồ Xuân Hương
Hồ Chí Minh,Phú Nhuận,Phường 7,Hoa Cau
Hà Nội,Ba Đình,Cống Vị,Đội Cấn
Hà Nội,Đống Đa,Láng Thượng,Chùa Láng
Hà Nội,Đống Đa,Trung Phụng,Trung Phụng
Hồ Chí Minh,Quận 1,Cô Giang,Cô Bắc
Hồ Chí Minh,Quận 1,Bến Nghé,Nguyễn Du
Khánh Hòa,Nha Trang,Phước Long,Thích Quảng Đức
Hồ Chí Minh,Tân Phú,Tây Thạnh,Lê Trọng Tấn
Hồ Chí Minh,Phú Nhuận,Phường 10,Trương Quốc Dung
Khánh Hòa,Nha Trang,Phước Đồng,Hoàng Minh Thảo
Hải Phòng,Lê Chân,Dư Hàng Kênh,Nguyễn Văn Linh
Hồ Chí Minh,Quận 1,Phạm Ngũ Lão,Hẻm 173 Nguyễn Thị Minh Khai
Hồ Chí Minh,Tân Bình,Phường 10,Lạc Long Quân
Hồ Chí Minh,Thủ Đức,Hiệp Bình Phước,Nguyễn Thị Nhung
Hồ Chí Minh,Tân Phú,Phú Thọ Hòa,Nguyễn Sơn
Hồ Chí Minh,Thủ Đức,Bình Thọ,Võ Văn Ngân
Tiền Giang,Gò Công Tây,Thị Trấn Vĩnh Bình,Nguyễn Trung Trực
Hà Nội,Hà Đông,Dương Nội,Lê Trọng Tấn
Đà Nẵng,Hải Châu,Thạch Thang,Đống Đa
Hồ Chí Minh,Quận 3,Võ Thị Sáu,Lê Quý Đôn
Hà Nội,Hoàng Mai,Tân Mai,Bờ Sông Sét
Hồ Chí Minh,Bình Thạnh,Phường 5,Trần Bình Trọng
Hồ Chí Minh,Gò Vấp,Phường 5,Phan Văn Trị
Cần Thơ,Ninh Kiều,An Khánh,Hẻm 40S Nguyễn Văn Linh
Hải Phòng,Hải An,Đằng Hải,Lê Hồng Phong
Hồ Chí Minh,Phú Nhuận,Phường 5,Nguyễn Văn Đậu
Hồ Chí Minh,Quận 1,Bến Nghé,Mạc Thị Bưởi
Hồ Chí Minh,Thủ Đức,Phước Long A,Nam Hòa
Thanh Hóa,Thanh Hóa,Trường Thi,Đoàn Trần Nghiệp
Hồ Chí Minh,Quận 3,Võ Thị Sáu,Trần Cao Vân
Hồ Chí Minh,Tân Phú,Tân Sơn Nhì,Tân Kỳ Tân Quý
Hồ Chí Minh,Phú Nhuận,Phường 5,Lam Sơn
Tiền Giang,Mỹ Tho,Trung An,Nguyễn Thị Thập
Hà Nội,Hà Đông,Kiến Hưng,Ngõ 52
Hồ Chí Minh,Tân Phú,Tân Thới Hòa,Lũy Bán Bích
Cần Thơ,Ninh Kiều,Tân An,Châu Văn Liêm
Hà Nội,Hà Đông,Phú Lương,Nguyễn Trực
Kiên Giang,Rạch Giá,Vĩnh Bảo,Nguyễn Trung Trực
Quảng Nam,Hội An,Tân An,Thích Quảng Đức
Hồ Chí Minh,Quận 11,Phường 5,Lạc Long Quân
Hồ Chí Minh,Quận 8,Phường 15,Mễ Cốc
Hà Nội,Hai Bà Trưng,Đồng Nhân,Nguyễn Công Trứ
Hồ Chí Minh,Tân Phú,Phú Trung,Âu Cơ
Hồ Chí Minh,Phú Nhuận,Phường 13,Huỳnh Văn Bánh
Hồ Chí Minh,Hóc Môn,Tân Xuân,Hẻm 3 Lê Thị Hà
Hồ Chí Minh,Quận 3,Phường 11,Cách Mạng Tháng 8
Thái Bình,Thái Bình,Vũ Chính,Trần Lãm
Hồ Chí Minh,Phú Nhuận,Phường 9,Hoàng Văn Thụ
Thái Nguyên,Phổ Yên,Hồng Tiến,Tôn Đức Thắng
Hồ Chí Minh,Gò Vấp,Phường 7,Phan Văn Trị
Hồ Chí Minh,Gò Vấp,Phường 7,Nguyễn Văn Nghi
Đà Nẵng,Thanh Khê,Tân Chính,Hải Phòng
Hà Nội,Hai Bà Trưng,Thanh Nhàn,Thanh Nhàn
Hà Nội,Hà Đông,Yết Kiêu,Ngô Gia Khảm
Bình Dương,Thuận An,Lái Thiêu,Đại Lộ Bình Dương
Hồ Chí Minh,Quận 6,Phường 5,Mai Xuân Thưởng
Long An,Cần Giuộc,Mỹ Lộc,835
Hải Phòng,Ngô Quyền,Gia Viên,Lê Lợi
Thái Nguyên,Sông Công,Mỏ Chè,Cách Mạng Tháng Tám
Quảng Ninh,Hạ Long,Hồng Hà,Ngõ 90 Nguyễn Văn Cừ
Hà Nội,Hoàn Kiếm,Đồng Xuân,Hàng Đậu
Hà Nội,Cầu Giấy,Yên Hòa,Vũ Phạm Hàm
Khánh Hòa,Nha Trang,Phước Tân,Nguyễn Trãi
Hồ Chí Minh,Quận 3,Phường 5,Võ Văn Tần
Hà Nội,Hà Đông,La Khê,Lê Trọng Tấn
Hà Nội,Hà Đông,Dương Nội,An Phú Shop Villa
Đà Nẵng,Thanh Khê,Thạc Gián,Hàm Nghi
Hồ Chí Minh,Quận 12,Tân Thới Nhất,Phan Văn Hớn
Hà Nội,Cầu Giấy,Dịch Vọng Hậu,Hẻm 66 Dịch Vọng Hậu
Hồ Chí Minh,Tân Phú,Tân Thành,Vườn Lài
Hồ Chí Minh,Thủ Đức,Tam Bình,Hẻm 93 Phú Châu
Hồ Chí Minh,Quận 3,Phường 5,Nguyễn Thị Minh Khai
Lâm Đồng,Đà Lạt,Phường 1,Nguyễn Thị Minh Khai
Hồ Chí Minh,Quận 5,Phường 8,Nguyễn Trãi
Hồ Chí Minh,Tân Bình,Phường 14,Âu Cơ
Hồ Chí Minh,Quận 1,Bến Nghé,Lê Thánh Tôn
Hà Nội,Tây Hồ,Bưởi,Lạc Long Quân
Hồ Chí Minh,Phú Nhuận,Phường 11,Huỳnh Văn Bánh
Đà Nẵng,Ngũ Hành Sơn,Mỹ An,Ngũ Hành Sơn
Hải Phòng,Hồng Bàng,Hùng Vương,Hùng Vương
Hà Nội,Hai Bà Trưng,Phạm Đình Hổ,Ngô Thì Nhậm
Đà Nẵng,Ngũ Hành Sơn,Hòa Hải,Phạm Hữu Nhật
Hải Phòng,Lê Chân,Kênh Dương,Thiên Lôi
Hồ Chí Minh,Bình Thạnh,Phường 3,Vũ Huy Tấn
Hồ Chí Minh,Quận 3,Võ Thị Sáu,Bà Huyện Thanh Quan
Đà Nẵng,Hải Châu,Thạch Thang,Nguyễn Chí Thanh
Bình Dương,Thủ Dầu Một,Phú Hòa,Hẻm 3 Lê Hồng Phong
Hải Phòng,Thủy Nguyên,Kiền Bái,Huy Cận
Hải Phòng,Thủy Nguyên,Tân Dương,Cầu Hoàng Văn Thụ
Hồ Chí Minh,Quận 1,Cô Giang,Trần Hưng Đạo
Hồ Chí Minh,Phú Nhuận,Phường 2,Phan Đăng Lưu
Hồ Chí Minh,Quận 3,Phường 10,Cách Mạng Tháng Tám
Hà Nội,Tây Hồ,Quảng An,Đặng Thai Mai
Hồ Chí Minh,Quận 3,Võ Thị Sáu,Phạm Ngọc Thạch
Hải Phòng,Lê Chân,Đông Hải,Nguyễn Văn Linh
Bình Dương,Bến Cát,Tân Định,Nguyễn Văn Thành
Đắk Nông,Cư Jút,Thị Trấn Ea T'Ling,Nguyễn Tất Thành
Hồ Chí Minh,Quận 3,Phường 9,Nguyễn Thông
Hồ Chí Minh,Quận 3,Phường 1,Lý Thái Tổ
Hồ Chí Minh,Quận 1,Bến Nghé,Tôn Đức Thắng
Hồ Chí Minh,Quận 1,Bến Nghé,Lê Lợi
Hồ Chí Minh,Bình Thạnh,Phường 26,Số 1
Hồ Chí Minh,Thủ Đức,Long Trường,Nguyễn Duy Trinh
Hà Nội,Cầu Giấy,Trung Hòa,Trần Duy Hưng
Bắc Ninh,Bắc Ninh,Tiền An,Ngô Gia Tự
Khánh Hòa,Nha Trang,Tân Lập,Ngô Gia Tự
Hồ Chí Minh,Tân Bình,Phường 7,Hẻm 947 Cách Mạng Tháng 8
Hồ Chí Minh,Quận 10,Phường 15,Bắc Hải
An Giang,Châu Phú,Bình Mỹ,Lê Đại Hành
Hải Phòng,Ngô Quyền,Đằng Giang,Lạch Tray
Hồ Chí Minh,Bình Tân,Bình Hưng Hòa A,Gò Xoài
Bình Định,Quy Nhơn,Nguyễn Văn Cừ,Ngô Gia Tự
Hồ Chí Minh,Quận 10,Phường 12,Hẻm 91 Hòa Hưng
Hồ Chí Minh,Thủ Đức,Thạnh Mỹ Lợi,Trương Văn Bang
Hồ Chí Minh,Quận 6,Phường 4,Bình Tiên
Hồ Chí Minh,Quận 6,Phường 12,Cư Xá Phú Lâm A
Cần Thơ,Ninh Kiều,An Khánh,Nguyễn Tri Phương
Hồ Chí Minh,Quận 5,Phường 9,Hùng Vương
Tiền Giang,Mỹ Tho,Phường 5,Ấp Bắc
Hồ Chí Minh,Quận 5,Phường 12,Tạ Uyên
Cần Thơ,Cái Răng,Phú Thứ,Võ Nguyên Giáp
Hà Nội,Hoàn Kiếm,Hàng Trống,Ấu Triệu
Hồ Chí Minh,Quận 3,Võ Thị Sáu,Nguyễn Đình Chiểu
Hồ Chí Minh,Hóc Môn,Xuân Thới Thượng,Trần Văn Mười
Khánh Hòa,Nha Trang,Phước Long,Nguyễn Đức Cảnh
Hà Nội,Ba Đình,Liễu Giai,Đội Cấn
Hồ Chí Minh,Quận 10,Phường 12,Hoàng Dư Khương
Khánh Hòa,Nha Trang,Vĩnh Hòa,Nguyễn Phong Sắc
Hà Nội,Hai Bà Trưng,Phố Huế,Huế
Gia Lai,Pleiku,Yên Thế,Lê Quang Định
Hồ Chí Minh,Tân Bình,Phường 13,Hẻm 19 Hoàng Hoa Thám
Hồ Chí Minh,Tân Phú,Hiệp Tân,Luỹ Bán Bích
Bình Thuận,Phan Thiết,Phú Thủy,Võ Văn Kiệt
Hồ Chí Minh,Quận 3,Phường 14,Lê Văn Sỹ
Hồ Chí Minh,Quận 11,Phường 8,Hàn Hải Nguyên
Hồ Chí Minh,Tân Bình,Phường 5,Cách Mạng Tháng Tám
Hồ Chí Minh,Tân Bình,Phường 2,Bạch Đằng
Hà Nội,Thanh Trì,Tân Triều,Nguyễn Xiển
Hồ Chí Minh,Quận 12,Trung Mỹ Tây,1A
Hưng Yên,Văn Giang,Nghĩa Trụ,Kinh Đô 5
Hồ Chí Minh,Thủ Đức,Thủ Thiêm,Nguyễn Cơ Thạch
Bình Dương,Thuận An,An Phú,Lê Thị Trung
Hà Nội,Long Biên,Ngọc Thụy,Ngọc Thụy
Bình Dương,Thủ Dầu Một,Phú Mỹ,Hùng Vương
Nghệ An,Vinh,Hưng Phúc,Hermann Gmeiner
Hà Nội,Bắc Từ Liêm,Đông Ngạc,Tân Xuân
Hải Phòng,Hồng Bàng,Hạ Lý,Bạch Đằng
Hồ Chí Minh,Thủ Đức,Thạnh Mỹ Lợi,Hẻm 34 Bát Nàn
Đồng Nai,Biên Hòa,Bình Đa,Hẻm 7 Số 1
Hà Nội,Hà Đông,La Khê,Nguyễn Thanh Bình
Hà Nội,Hà Đông,Dương Nội,Liền Kề 10
Đà Nẵng,Hải Châu,Bình Hiên,2 Tháng 9
Hồ Chí Minh,Quận 7,Tân Quy,Mai Văn Vĩnh
Hà Nội,Bắc Từ Liêm,Phúc Diễn,Cầu Diễn
Hồ Chí Minh,Quận 1,Đa Kao,Nguyễn Thành Ý
Hồ Chí Minh,Quận 11,Phường 12,3 Tháng 2
Hồ Chí Minh,Quận 10,Phường 15,Hẻm 575 Cách Mạng Tháng Tám
Hồ Chí Minh,Quận 3,Phường 2,Nguyễn Thị Minh Khai
Hồ Chí Minh,Quận 5,Phường 3,Nguyễn Trãi
Đồng Nai,Biên Hòa,Trảng Dài,Tỉnh 768B
Hồ Chí Minh,Tân Bình,Phường 11,Bàu Cát
Hồ Chí Minh,Quận 10,Phường 12,3 Tháng 2
Hồ Chí Minh,Quận 1,Bến Nghé,Ngô Văn Năm
Hồ Chí Minh,Gò Vấp,Phường 14,59
Hồ Chí Minh,Quận 3,Phường 3,Bàn Cờ
Hồ Chí Minh,Tân Phú,Hiệp Tân,Hòa Bình
Hồ Chí Minh,Quận 3,Phường 2,Hẻm 491/5 Nguyễn Đình Chiểu
Đà Nẵng,Thanh Khê,An Khê,Nguyễn Phước Nguyên
Hà Nội,Nam Từ Liêm,Cầu Diễn,Phúc Diễn
Cần Thơ,Ninh Kiều,An Hòa,Võ Văn Kiệt
Hà Nội,Cầu Giấy,Dịch Vọng,Thọ Tháp
Đồng Nai,Biên Hòa,Tân Hòa,Hoàng Văn Bổn
Hồ Chí Minh,Quận 7,Tân Phong,Nguyễn Thị Thập
Hồ Chí Minh,Quận 3,Võ Thị Sáu,Trần Quốc Thảo
Hà Nội,Đống Đa,Láng Hạ,Huỳnh Thúc Kháng
Hà Nội,Đống Đa,Láng Thượng,Láng
Hồ Chí Minh,Tân Phú,Phú Thạnh,Hiền Vương
Hồ Chí Minh,Tân Phú,Phú Thạnh,Văn Cao
Hồ Chí Minh,Quận 12,Tân Hưng Thuận,DD5
Cần Thơ,Ninh Kiều,An Bình,Hẻm 6 Trần Vĩnh Kiết
Hồ Chí Minh,Thủ Đức,An Phú,Nguyễn Quý Đức
Hồ Chí Minh,Tân Phú,Tân Sơn Nhì,Trương Vĩnh Ký
Hồ Chí Minh,Thủ Đức,An Phú,Thân Văn Nhiếp
Hồ Chí Minh,Thủ Đức,Hiệp Phú,Lê Văn Việt
Hồ Chí Minh,Quận 7,Tân Phong,Nguyễn Đức Cảnh
Hồ Chí Minh,Tân Bình,Phường 4,Sầm Sơn
Hồ Chí Minh,Quận 3,Võ Thị Sáu,Pasteur
Hồ Chí Minh,Tân Phú,Sơn Kỳ,Tân Kỳ Tân Quý
Cần Thơ,Ninh Kiều,An Khánh,Hẻm Lò Mổ
Hồ Chí Minh,Tân Phú,Hiệp Tân,Lũy Bán Bích
Hồ Chí Minh,Quận 10,Phường 13,Tô Hiến Thành
Long An,Đức Hòa,Thị Trấn Đức Hòa,Tỉnh 824
Đà Nẵng,Ngũ Hành Sơn,Mỹ An,Nguyễn Văn Thoại
Hồ Chí Minh,Tân Bình,Phường 13,Nguyễn Đức Thuận
Hồ Chí Minh,Tân Phú,Sơn Kỳ,Bờ Bao Tân Thắng
Hồ Chí Minh,Tân Phú,Phú Thạnh,Lũy Bán Bích
Hồ Chí Minh,Củ Chi,An Nhơn Tây,Tỉnh Lộ 7
Hồ Chí Minh,Bình Thạnh,Phường 27,Thanh Đa
Hồ Chí Minh,Bình Chánh,Bình Hưng,Số 1
Đà Nẵng,Cẩm Lệ,Hòa Thọ Đông,Phạm Viết Chánh
Kiên Giang,Phú Quốc,Dương Đông,Nguyễn Trung Trực
Hà Nam,Phủ Lý,Liêm Chính,Chu Văn An
Cần Thơ,Phong Điền,Nhơn Nghĩa,61C
Hồ Chí Minh,Quận 1,Đa Kao,Hai Bà Trưng
Hồ Chí Minh,Quận 3,Võ Thị Sáu,Trương Định
Hồ Chí Minh,Hóc Môn,Bà Điểm,Bà Điểm 7
Hồ Chí Minh,Quận 8,Phường 4,Phạm Thế Hiển
Hồ Chí Minh,Thủ Đức,Phước Long B,Đỗ Xuân Hợp
Hồ Chí Minh,Tân Bình,Phường 14,Nguyễn Hồng Đào
Hồ Chí Minh,Gò Vấp,Phường 16,Thống Nhất
Hồ Chí Minh,Quận 8,Phường 3,Âu Dương Lân
Hồ Chí Minh,Tân Bình,Phường 12,A4
Hồ Chí Minh,Quận 8,Phường 4,Cao Lỗ
Hồ Chí Minh,Quận 3,Võ Thị Sáu,Võ Thị Sáu
Hồ Chí Minh,Tân Phú,Tân Quý,Độc Lập
Hồ Chí Minh,Quận 6,Phường 11,Chợ Lớn
Hồ Chí Minh,Bình Thạnh,Phường 25,Ung Văn Khiêm
Hồ Chí Minh,Tân Phú,Tân Sơn Nhì,Hẻm 2 Tân Sơn Nhì
Hồ Chí Minh,Tân Phú,Phú Trung,Trịnh Đình Trọng
Hồ Chí Minh,Quận 1,Nguyễn Thái Bình,Nguyễn Công Trứ
Hồ Chí Minh,Quận 7,Tân Hưng,Lê Văn Lương
Hồ Chí Minh,Quận 11,Phường 15,Nguyễn Thị Nhỏ
Hồ Chí Minh,Quận 10,Phường 13,Cách Mạng Tháng 8
Khánh Hòa,Nha Trang,Xương Huân,Trần Phú
Hà Nội,Ba Đình,Thành Công,Ngõ 91 Nguyễn Chí Thanh
Hồ Chí Minh,Thủ Đức,Hiệp Bình Chánh,B
Hồ Chí Minh,Thủ Đức,An Phú,Lương Định Của
Hồ Chí Minh,Tân Bình,Phường 6,Chấn Hưng
Hồ Chí Minh,Thủ Đức,Bình Thọ,Hẻm 1 Số 4
Hà Nội,Cầu Giấy,Dịch Vọng,Khúc Thừa Dụ
Đà Nẵng,Cẩm Lệ,Hòa Thọ Đông,Lê Đại Hành
Hồ Chí Minh,Thủ Đức,Thảo Điền,Xuân Thủy
Hồ Chí Minh,Gò Vấp,Phường 1,Lê Quang Định
Hồ Chí Minh,Tân Bình,Phường 4,Út Tịch
Hồ Chí Minh,Thủ Đức,An Phú,Dương Văn An
Hồ Chí Minh,Gò Vấp,Phường 5,Số 4
Hồ Chí Minh,Tân Bình,Phường 12,Trương Hoàng Thanh
Đà Nẵng,Ngũ Hành Sơn,Mỹ An,Châu Thị Vĩnh Tế
Hồ Chí Minh,Gò Vấp,Phường 7,Lê Đức Thọ
Khánh Hòa,Nha Trang,Tân Lập,Lê Đại Hành
Hồ Chí Minh,Tân Bình,Phường 13,Hoàng Hoa Thám
Đà Nẵng,Liên Chiểu,Hòa Minh,Hồ Tùng Mậu
Hồ Chí Minh,Hóc Môn,Trung Chánh,22A
Hải Phòng,Ngô Quyền,Cầu Đất,Cầu Đất
Hồ Chí Minh,Thủ Đức,An Phú,Song Hành
Hồ Chí Minh,Quận 1,Nguyễn Thái Bình,Yersin
Cần Thơ,Ninh Kiều,An Khánh,Nguyễn Văn Linh
Hồ Chí Minh,Gò Vấp,Phường 14,Phan Huy Ích
Hồ Chí Minh,Quận 1,Bến Thành,Lê Thị Riêng
Bình Dương,Thủ Dầu Một,Phú Cường,Đại Lộ Bình Dương
Đồng Nai,Biên Hòa,Thống Nhất,Võ Thị Sáu
Đồng Nai,Biên Hòa,Trảng Dài,Bùi Trọng Nghĩa
Hồ Chí Minh,Gò Vấp,Phường 9,Phạm Văn Chiêu
Hồ Chí Minh,Quận 3,Phường 10,Nguyễn Phúc Nguyên
Hồ Chí Minh,Gò Vấp,Phường 12,Phạm Văn Bạch
Hồ Chí Minh,Quận 10,Phường 15,Hồ Bá Kiện
Hồ Chí Minh,Bình Thạnh,Phường 6,Hẻm 17 Nguyễn Huy Tưởng
Hồ Chí Minh,Quận 10,Phường 15,Bạch Mã
Hồ Chí Minh,Quận 10,Phường 2,Sư Vạn Hạnh
Hồ Chí Minh,Quận 8,Phường 6,Tạ Quang Bửu
Hồ Chí Minh,Thủ Đức,An Phú,Vũ Tông Phan
Hồ Chí Minh,Bình Thạnh,Phường 3,Trần Kế Xương
Hồ Chí Minh,Quận 10,Phường 15,Trường Sơn
Hồ Chí Minh,Thủ Đức,Thảo Điền,Nguyễn Đăng Giai
Hồ Chí Minh,Quận 7,Tân Quy,Số 47
Đà Nẵng,Cẩm Lệ,Khuê Trung,Xuân Thủy
Hồ Chí Minh,Gò Vấp,Phường 8,Quang Trung
Đắk Lắk,Buôn Ma Thuột,Tân An,Nguyễn Hữu Thọ
Hồ Chí Minh,Gò Vấp,Phường 8,Lê Văn Thọ
Hồ Chí Minh,Gò Vấp,Phường 12,Hẻm 75 Nguyễn Tư Giản
Hồ Chí Minh,Bình Chánh,Phong Phú,50
Đà Nẵng,Hải Châu,Bình Hiên,Hoàng Diệu
Brunei-Muara,Bandar Seri Begawan,Kampung Bunut,Simpang 708
Cần Thơ,Ninh Kiều,An Hòa,Phạm Ngũ Lão
Bình Dương,Dĩ An,Đông Hòa,Tân Lập
Hà Nội,Cầu Giấy,Dịch Vọng Hậu,Trần Quốc Vượng
Hồ Chí Minh,Gò Vấp,Phường 17,Nguyễn Oanh
Hồ Chí Minh,Quận 5,Phường 7,Trần Phú
Hồ Chí Minh,Quận 8,Phường 5,Tạ Quang Bửu
Hồ Chí Minh,Phú Nhuận,Phường 7,Phùng Văn Cung
Hồ Chí Minh,Thủ Đức,Cát Lái,Hẻm 705 Nguyễn Thị Định
Hồ Chí Minh,Gò Vấp,Phường 7,Nguyễn Oanh
Hồ Chí Minh,Quận 3,Phường 11,Trần Văn Đang
Hồ Chí Minh,Bình Thạnh,Phường 13,Cầu Bình Lợi
Hồ Chí Minh,Quận 6,Phường 13,Kinh Dương Vương
Hồ Chí Minh,Tân Bình,Phường 12,C18
Hồ Chí Minh,Thủ Đức,Linh Tây,Kha Vạn Cân
Hồ Chí Minh,Thủ Đức,Thảo Điền,Lê Văn Miến
Hồ Chí Minh,Tân Bình,Phường 15,Hẻm 31 Phan Huy Ích
Hồ Chí Minh,Tân Phú,Sơn Kỳ,Hẻm 123 Lê Trọng Tấn
Hà Nội,Cầu Giấy,Yên Hòa,Trung Kính
Hồ Chí Minh,Quận 1,Bến Nghé,Nguyễn Huệ
Hồ Chí Minh,Quận 1,Bến Nghé,Hồ Tùng Mậu
Hồ Chí Minh,Tân Phú,Phú Thọ Hòa,Nguyễn Nhữ Lãm
Hồ Chí Minh,Quận 1,Bến Nghé,Lý Tự Trọng
Hồ Chí Minh,Tân Phú,Hòa Thạnh,Hẻm 2 Thoại Ngọc Hầu
Đồng Nai,Biên Hòa,Tân Tiến,Nguyễn Ái Quốc
Hồ Chí Minh,Tân Phú,Phú Thọ Hòa,Lũy Bán Bích
Hồ Chí Minh,Quận 12,Thới An,Hẻm 453 Lê Văn Khương
Bình Dương,Dĩ An,Bình Thắng,Tỉnh743a
Hồ Chí Minh,Bình Thạnh,Phường 25,Nguyễn Văn Thương
Hồ Chí Minh,Quận 7,Tân Quy,Hẻm 83 Số 15
Đà Nẵng,Sơn Trà,An Hải Tây,Nguyễn Thông
Hồ Chí Minh,Gò Vấp,Phường 3,Bạch Đằng
Đà Nẵng,Ngũ Hành Sơn,Mỹ An,Lê Quang Đạo
Hồ Chí Minh,Quận 5,Phường 1,Trần Hưng Đạo
Hồ Chí Minh,Gò Vấp,Phường 6,Nguyễn Oanh
Hồ Chí Minh,Tân Bình,Phường 2,Phổ Quang
Đà Nẵng,Ngũ Hành Sơn,Mỹ An,Phan Tứ
Bình Dương,Thủ Dầu Một,Phú Cường,Cách Mạng Tháng Tám
Hà Nội,Bắc Từ Liêm,Xuân Đỉnh,Khu Ngoại Giao Đoàn
Hồ Chí Minh,Gò Vấp,Phường 4,Nguyễn Thái Sơn
Hà Nội,Cầu Giấy,Yên Hòa,Hoa Bằng
Hồ Chí Minh,Tân Phú,Tân Quý,Gò Dầu
Hồ Chí Minh,Quận 1,Nguyễn Cư Trinh,Cống Quỳnh
Hồ Chí Minh,Quận 1,Nguyễn Thái Bình,Cầu Calmette
Hồ Chí Minh,Quận 5,Phường 12,Hồng Bàng
Hồ Chí Minh,Tân Phú,Tây Thạnh,Hẻm 578 Lê Trọng Tấn
Hồ Chí Minh,Bình Thạnh,Phường 6,Nguyễn Văn Đậu
Bình Dương,Dĩ An,Đông Hòa,1K
Đắk Lắk,Buôn Ma Thuột,Khánh Xuân,Võ Văn Kiệt
Hà Nội,Cầu Giấy,Trung Hòa,Trung Yên 11
Cần Thơ,Bình Thủy,Long Tuyền,91B
Đà Nẵng,Cẩm Lệ,Hòa Thọ Đông,Phạm Hùng
Hồ Chí Minh,Quận 1,Tân Định,Nguyễn Văn Nguyễn
Đà Nẵng,Hải Châu,Hòa Cường Nam,Tố Hữu
Đà Nẵng,Thanh Khê,Hòa Khê,Điện Biên Phủ
Hồ Chí Minh,Quận 5,Phường 7,Huỳnh Mẫn Đạt
Hồ Chí Minh,Gò Vấp,Phường 3,Phạm Văn Đồng
Đồng Nai,Biên Hòa,Trung Dũng,Nguyễn Ái Quốc
Hồ Chí Minh,Quận 12,Đông Hưng Thuận,1A
Hồ Chí Minh,Tân Phú,Tân Quý,Võ Công Tồn
Hồ Chí Minh,Tân Phú,Phú Thạnh,Thạch Lam
កណ្ដាល,កោះធំ,សំពៅពូន,Cầu Long Bình
Hồ Chí Minh,Quận 3,Phường 10,Rạch Bùng Binh
Cần Thơ,Ninh Kiều,An Hòa,Mâu Thân
Cần Thơ,Ninh Kiều,An Khánh,Trần Bạch Đằng
Hồ Chí Minh,Quận 10,Phường 12,Cao Thắng
Hồ Chí Minh,Quận 3,Phường 14,Trường Sa
Đà Nẵng,Hải Châu,Hòa Cường Bắc,Tiểu La
Hà Nội,Hà Đông,Mộ Lao,Thanh Bình
Hồ Chí Minh,Tân Phú,Hiệp Tân,Trần Quang Quá
Hồ Chí Minh,Quận 10,Phường 9,Bà Hạt
Hồ Chí Minh,Tân Phú,Tân Sơn Nhì,Hẻm 147 Tân Kỳ Tân Quý
Tây Ninh,Tây Ninh,Phường 3,Hoàng Lê Kha
Hồ Chí Minh,Thủ Đức,An Phú,Mai Chí Thọ
Hồ Chí Minh,Thủ Đức,An Lợi Đông,Mai Chí Thọ
Hồ Chí Minh,Gò Vấp,Phường 11,Thống Nhất
Hồ Chí Minh,Quận 10,Phường 12,Cách Mạng Tháng Tám
Bà Rịa Vũng Tàu,Vũng Tàu,Phường 8,Thống Nhất
Hồ Chí Minh,Phú Nhuận,Phường 15,Hẻm 9 Hoàng Văn Thụ
Hồ Chí Minh,Quận 12,Hiệp Thành,Hiệp Thành 11
Bà Rịa Vũng Tàu,Vũng Tàu,Thắng Tam,Lê Hồng Phong
Hồ Chí Minh,Thủ Đức,An Phú,Trần Lưu
Long An,Bến Lức,Thị Trấn Bến Lức,Nguyễn Hữu Thọ
Đà Nẵng,Sơn Trà,Phước Mỹ,Trần Bạch Đằng
Hồ Chí Minh,Quận 7,Tân Quy,Số 10
Cần Thơ,Ninh Kiều,Cái Khế,Lý Hồng Thanh
Hồ Chí Minh,Phú Nhuận,Phường 5,Thích Quảng Đức
Hồ Chí Minh,Quận 6,Phường 7,Phạm Văn Chí
Hồ Chí Minh,Tân Phú,Tân Thành,Độc Lập
Hồ Chí Minh,Quận 7,Tân Phong,Phạm Thái Bường
Hồ Chí Minh,Quận 7,Tân Thuận Đông,Bùi Văn Ba
Hồ Chí Minh,Quận 1,Cô Giang,Cô Giang
Hồ Chí Minh,Quận 7,Bình Thuận,Nguyễn Văn Linh
Đà Nẵng,Hải Châu,Phường Hải Châu 1,Nguyễn Thái Học
Hồ Chí Minh,Thủ Đức,An Khánh,Lương Định Của
Hồ Chí Minh,Phú Nhuận,Phường 13,Trường Sa
Hồ Chí Minh,Quận 1,Bến Thành,Cách Mạng Tháng Tám
Hồ Chí Minh,Quận 1,Bến Nghé,Nguyễn Thị Minh Khai
Đồng Nai,Biên Hòa,Tân Tiến,Đồng Khởi
Hồ Chí Minh,Thủ Đức,Bình Chiểu,Số 4
Hà Nội,Hoàn Kiếm,Tràng Tiền,Bà Triệu
Đà Nẵng,Hải Châu,Bình Thuận,2 Tháng 9
Hà Nội,Thanh Xuân,Thanh Xuân Trung,Hẻm 29 Nguyễn Huy Tưởng
Hồ Chí Minh,Tân Bình,Phường 5,Phạm Văn Hai
Hồ Chí Minh,Thủ Đức,Linh Trung,Hoàng Diệu
Hồ Chí Minh,Quận 7,Tân Phú,Nguyễn Lương Bằng
Hồ Chí Minh,Phú Nhuận,Phường 2,Hoa Đào
Hồ Chí Minh,Quận 1,Phạm Ngũ Lão,Trần Hưng Đạo
Đà Nẵng,Cẩm Lệ,Khuê Trung,Đội Cung
Hồ Chí Minh,Quận 3,Phường 9,Hoàng Sa
Hồ Chí Minh,Quận 7,Tân Phú,Số 9
Hồ Chí Minh,Bình Thạnh,Phường 12,Chu Văn An
Hồ Chí Minh,Bình Thạnh,Phường 26,Số 4
Hồ Chí Minh,Gò Vấp,Phường 1,Phan Văn Trị
Hồ Chí Minh,Gò Vấp,Phường 4,Hẻm 48 Lê Lợi
Hồ Chí Minh,Tân Phú,Hiệp Tân,Hẻm 237/2 Hòa Bình
Hồ Chí Minh,Quận 12,Trung Mỹ Tây,22
Đà Nẵng,Hải Châu,Hòa Thuận Tây,Kiệt 664 Trưng Nữ Vương
Đà Nẵng,Hải Châu,Bình Thuận,Trưng Nữ Vương
Hồ Chí Minh,Tân Phú,Hiệp Tân,Cây Keo
Cần Thơ,Ninh Kiều,An Khánh,Hẻm 9 Nguyễn Văn Cừ
Hồ Chí Minh,Gò Vấp,Phường 7,Trần Thị Nghỉ
Hồ Chí Minh,Quận 1,Nguyễn Thái Bình,Phó Đức Chính
Hồ Chí Minh,Quận 7,Tân Hưng,Nguyễn Thị Thập
Hồ Chí Minh,Quận 4,Phường 4,Tôn Đản
Hồ Chí Minh,Tân Bình,Phường 2,Tiền Giang
Bình Dương,Thủ Dầu Một,Phú Cường,Ngô Quyền
Hồ Chí Minh,Quận 1,Bến Nghé,Hai Bà Trưng
Bình Dương,Dĩ An,Tân Bình,D
Đà Nẵng,Liên Chiểu,Hòa Khánh Bắc,Nguyễn Lương Bằng
Hà Nội,Cầu Giấy,Trung Hòa,Ngõ 9 Nguyễn Khang
Đà Nẵng,Thanh Khê,Vĩnh Trung,Nguyễn Tri Phương
Hà Nội,Cầu Giấy,Dịch Vọng Hậu,Trần Quốc Hoàn
Đồng Nai,Biên Hòa,Hóa An,Cầu Hóa An
Hà Nội,Thanh Xuân,Thanh Xuân Bắc,Ngõ 13 Khuất Duy Tiến
Hồ Chí Minh,Tân Bình,Phường 15,Trường Chinh
Hồ Chí Minh,Bình Thạnh,Phường 17,Nguyễn Cửu Vân
Khánh Hòa,Nha Trang,Vĩnh Hải,Mai Xuân Thưởng
Quảng Nam,Hội An,Cẩm Phô,Nguyễn Thị Minh Khai
Lâm Đồng,Đà Lạt,Phường 3,Hà Huy Tập
Hà Nội,Cầu Giấy,Mai Dịch,Phạm Hùng
Hồ Chí Minh,Thủ Đức,Hiệp Phú,Ngô Quyền
Cần Thơ,Bình Thủy,Long Tuyền,Nguyễn Văn Linh
Hồ Chí Minh,Bình Thạnh,Phường 19,Huỳnh Mẫn Đạt
Hồ Chí Minh,Quận 1,Bến Thành,Hàm Nghi
Hồ Chí Minh,Quận 10,Phường 15,Hẻm 601 Cách Mạng Tháng 8
Hồ Chí Minh,Phú Nhuận,Phường 5,Nguyễn Thượng Hiền
Cần Thơ,Ninh Kiều,An Khánh,Nguyễn Hiền
Hà Nội,Ba Đình,Giảng Võ,Ngách 84/16 Ngọc Khánh
Hồ Chí Minh,Quận 3,Phường 9,Kỳ Đồng
Cần Thơ,Ninh Kiều,Hưng Lợi,Trần Hoàng Na
Hồ Chí Minh,Tân Bình,Phường 10,Ni Sư Huỳnh Liên
Hồ Chí Minh,Quận 1,Nguyễn Cư Trinh,Hẻm 168/35 Nguyễn Cư Trinh
Hồ Chí Minh,Quận 1,Cầu Kho,Trần Đình Xu
Hồ Chí Minh,Quận 1,Cầu Ông Lãnh,Đề Thám
Hồ Chí Minh,Quận 8,Phường 4,Châu Thị Hóa
Hà Nội,Ba Đình,Ngọc Khánh,Hẻm 1 Ngọc Khánh
Đồng Nai,Biên Hòa,Trảng Dài,Đồng Khởi
Hồ Chí Minh,Quận 11,Phường 13,Lãnh Binh Thăng
Hồ Chí Minh,Gò Vấp,Phường 17,Phạm Huy Thông
Hồ Chí Minh,Quận 1,Bến Thành,Phan Bội Châu
Hà Nội,Long Biên,Gia Thụy,Nguyễn Văn Cừ
Hồ Chí Minh,Quận 5,Phường 4,Trần Phú
Hồ Chí Minh,Quận 12,Tân Chánh Hiệp,Đông Bắc
Hồ Chí Minh,Tân Phú,Tây Thạnh,Chế Lan Viên
Hồ Chí Minh,Quận 4,Phường 4,Hẻm 53 Hoàng Diệu
Hồ Chí Minh,Quận 10,Phường 6,Hẻm 159 Ngô Quyền
Hồ Chí Minh,Quận 10,Phường 15,Đồng Nai
Hồ Chí Minh,Thủ Đức,Long Bình,Phước Thiện
Hồ Chí Minh,Quận 3,Phường 1,Nguyễn Đình Chiểu
Hồ Chí Minh,Quận 7,Tân Phú,Huỳnh Tấn Phát
Hồ Chí Minh,Quận 4,Phường 13,Bến Vân Đồn
Hồ Chí Minh,Thủ Đức,Linh Đông,Linh Đông
Đắk Lắk,Buôn Ma Thuột,Tân Lợi,10/3
Hồ Chí Minh,Phú Nhuận,Phường 15,Duy Tân
Hồ Chí Minh,Phú Nhuận,Phường 2,Trường Sa
Hồ Chí Minh,Hóc Môn,Xuân Thới Đông,Trần Văn Mười
Hồ Chí Minh,Thủ Đức,An Phú,Thái Thuận
Hồ Chí Minh,Thủ Đức,Thảo Điền,Nguyễn Duy Hiệu
Hồ Chí Minh,Quận 7,Bình Thuận,Huỳnh Tấn Phát
Hồ Chí Minh,Quận 8,Phường 16,Phú Định
Hồ Chí Minh,Gò Vấp,Phường 1,Hẻm 27 Nguyễn Bỉnh Khiêm
Cần Thơ,Ninh Kiều,An Khánh,Trần Hoàng Na
Hồ Chí Minh,Gò Vấp,Phường 10,Hẻm 33 Thống Nhất
Hà Nội,Thanh Trì,Tân Triều,Tân Triều
Hồ Chí Minh,Thủ Đức,Thạnh Mỹ Lợi,Đồng Văn Cống
Hồ Chí Minh,Quận 12,Hiệp Thành,Hẻm 30 Nguyễn Thị Kiểu
Cần Thơ,Cái Răng,Hưng Thạnh,Võ Nguyên Giáp
Hà Nội,Hoàn Kiếm,Đồng Xuân,Hàng Khoai
Hồ Chí Minh,Quận 6,Phường 11,Hậu Giang
Hồ Chí Minh,Quận 10,Phường 11,Trần Minh Quyền
Hồ Chí Minh,Gò Vấp,Phường 11,Số 8
Lâm Đồng,Đà Lạt,Phường 8,Phù Đổng Thiên Vương
Cần Thơ,Bình Thủy,Long Hòa,Võ Văn Kiệt
Hồ Chí Minh,Tân Phú,Tân Quý,Tây Sơn
Đà Nẵng,Sơn Trà,Mân Thái,Trần Duy Chiến
Hồ Chí Minh,Gò Vấp,Phường 16,Hẻm 418/20 Lê Văn Thọ
Hồ Chí Minh,Tân Phú,Tây Thạnh,Tây Thạnh
Hồ Chí Minh,Quận 1,Tân Định,Hoàng Sa
Hồ Chí Minh,Quận 1,Bến Thành,Nam Kỳ Khởi Nghĩa
Hà Nội,Cầu Giấy,Nghĩa Đô,Lạc Long Quân
Đắk Lắk,Buôn Ma Thuột,Tự An,Đinh Tiên Hoàng
Hồ Chí Minh,Quận 8,Phường 4,Số 15
Hồ Chí Minh,Quận 7,Tân Phú,Số 1
Hồ Chí Minh,Gò Vấp,Phường 16,Hẻm 48 Số 1
Hà Nội,Hoàn Kiếm,Phúc Tân,Cầu Chương Dương
Hồ Chí Minh,Thủ Đức,Phước Bình,Đỗ Xuân Hợp
Hồ Chí Minh,Quận 1,Phạm Ngũ Lão,Cống Quỳnh
Hồ Chí Minh,Bình Chánh,Vĩnh Lộc A,Quách Điêu
Hồ Chí Minh,Quận 8,Phường 4,Tạ Quang Bửu
Hồ Chí Minh,Hóc Môn,Xuân Thới Thượng,Nguyễn Văn Bứa
Hà Nội,Hai Bà Trưng,Nguyễn Du,Huế
Hà Nội,Thanh Xuân,Thanh Xuân Nam,Triều Khúc
Hồ Chí Minh,Phú Nhuận,Phường 15,Hẻm 33 Nguyễn Đình Chính
Hồ Chí Minh,Thủ Đức,Tam Phú,Ụ Ghe
Hồ Chí Minh,Bình Thạnh,Phường 5,Lê Quang Định
Hồ Chí Minh,Tân Bình,Phường 11,Hẻm 66 Phan Sào Nam
Hồ Chí Minh,Tân Phú,Phú Thạnh,Lê Lâm
Hồ Chí Minh,Thủ Đức,Linh Tây,Tô Ngọc Vân
Hồ Chí Minh,Bình Chánh,Vĩnh Lộc B,Liên Ấp 1-2-3
Hồ Chí Minh,Tân Phú,Tây Thạnh,Nguyễn Hữu Tiến
Hồ Chí Minh,Quận 10,Phường 11,Điện Biên Phủ
Hồ Chí Minh,Quận 7,Tân Thuận Đông,Số 1
Hồ Chí Minh,Quận 6,Phường 1,Võ Văn Kiệt
Đắk Lắk,Buôn Ma Thuột,Tân Lợi,Lê Thánh Tông
Hồ Chí Minh,Tân Bình,Phường 2,Lam Sơn
Hồ Chí Minh,Gò Vấp,Phường 12,Nguyễn Duy Cung
Hồ Chí Minh,Quận 3,Võ Thị Sáu,Tú Xương
Hồ Chí Minh,Quận 4,Phường 8,Tôn Đản
Hà Nội,Nam Từ Liêm,Phương Canh,Ngõ 70 Xuân Phương
Hồ Chí Minh,Tân Phú,Tân Sơn Nhì,Nguyễn Thế Truyện
Hồ Chí Minh,Quận 10,Phường 10,Hẻm 313 3 Tháng 2
Hồ Chí Minh,Quận 1,Bến Nghé,Hàm Nghi
Hồ Chí Minh,Phú Nhuận,Phường 11,Hẻm 48 Hồ Biểu Chánh
Hồ Chí Minh,Gò Vấp,Phường 7,Hẻm 105 Nguyễn Văn Nghi
Đà Nẵng,Hải Châu,Hòa Cường Bắc,Phan Đăng Lưu
Hồ Chí Minh,Quận 3,Phường 9,Rạch Bùng Binh
Hồ Chí Minh,Phú Nhuận,Phường 2,Cù Lao
Hồ Chí Minh,Thủ Đức,Phước Long B,Dương Đình Hội
Hồ Chí Minh,Quận 6,Phường 10,Vành Đai
Hà Nội,Cầu Giấy,Trung Hòa,Vũ Phạm Hàm
Hồ Chí Minh,Quận 11,Phường 14,Bình Thới
Hồ Chí Minh,Quận 1,Phạm Ngũ Lão,Nguyễn Cư Trinh
Hồ Chí Minh,Gò Vấp,Phường 3,Nguyễn Văn Công
Hồ Chí Minh,Quận 12,Thạnh Xuân,Thạnh Xuân 21
Hà Nội,Cầu Giấy,Nghĩa Tân,Hoàng Quốc Việt
Hồ Chí Minh,Thủ Đức,Thảo Điền,Trúc Đường
Đồng Nai,Biên Hòa,Thống Nhất,N1
Hồ Chí Minh,Tân Phú,Tây Thạnh,S4
Hồ Chí Minh,Quận 7,Tân Phong,Nguyễn Hữu Thọ
Cần Thơ,Cái Răng,Hưng Phú,Võ Nguyên Giáp
Hà Nội,Thanh Xuân,Thanh Xuân Nam,Ngõ 52 Triều Khúc
Hồ Chí Minh,Tân Bình,Phường 2,Yên Thế
Đà Nẵng,Hải Châu,Hòa Cường Bắc,30 Tháng 4
Hà Nội,Hà Đông,Hà Cầu,Tô Hiệu
Hồ Chí Minh,Quận 6,Phường 6,Hẻm 218/33 Minh Phụng
Hồ Chí Minh,Quận 7,Tân Hưng,Hẻm 793 Trần Xuân Soạn
Hồ Chí Minh,Thủ Đức,Thảo Điền,Nguyễn Văn Hưởng
Hồ Chí Minh,Quận 10,Phường 12,3/2
Hồ Chí Minh,Quận 7,Tân Quy,Nguyễn Thị Thập
Hồ Chí Minh,Quận 1,Tân Định,Hẻm 94 Trần Khắc Chân
Hồ Chí Minh,Quận 1,Tân Định,Hẻm Nguyễn Văn Nguyễn
Hồ Chí Minh,Thủ Đức,An Phú,Cao Đức Lân
Hồ Chí Minh,Quận 1,Nguyễn Cư Trinh,Trần Hưng Đạo
Hồ Chí Minh,Tân Phú,Phú Thạnh,Thoại Ngọc Hầu
Hồ Chí Minh,Quận 7,Tân Thuận Đông,Số 5
Hồ Chí Minh,Quận 1,Bến Thành,Nguyễn Thị Minh Khai
Đồng Nai,Biên Hòa,Tân Hiệp,Đồng Khởi
Đà Nẵng,Hải Châu,Phường Hải Châu 2,Hùng Vương
Hồ Chí Minh,Quận 6,Phường 5,Hậu Giang
Hồ Chí Minh,Quận 6,Phường 2,Nguyễn Thị Nhỏ
Bình Dương,Thủ Dầu Một,Phú Hòa,Nguyễn Thị Minh Khai
Hồ Chí Minh,Tân Bình,Phường 15,Trần Thái Tông
Hồ Chí Minh,Quận 7,Tân Thuận Đông,Số 10
Hồ Chí Minh,Quận 3,Võ Thị Sáu,Nguyễn Thông
Hồ Chí Minh,Quận 4,Phường 3,Khánh Hội
Hồ Chí Minh,Quận 6,Phường 14,Tân Hòa Đông
Hồ Chí Minh,Quận 3,Phường 2,Lý Thái Tổ
Hồ Chí Minh,Thủ Đức,Thảo Điền,Lê Thước
Hà Nội,Cầu Giấy,Yên Hòa,Yên Hòa
Hồ Chí Minh,Tân Phú,Tây Thạnh,D10
Hồ Chí Minh,Bình Chánh,Phạm Văn Hai,Vĩnh Lộc
Đà Nẵng,Hải Châu,Bình Thuận,Nguyễn Hoàng
Hồ Chí Minh,Bình Thạnh,Phường 5,Nguyễn Thượng Hiền
Hồ Chí Minh,Phú Nhuận,Phường 11,Trần Huy Liệu
Hà Nội,Hoàn Kiếm,Hàng Buồm,Trần Nhật Duật
Hồ Chí Minh,Tân Phú,Tân Quý,Hẻm 456 Tân Sơn Nhì
Hồ Chí Minh,Tân Phú,Phú Thạnh,Quách Đình Bảo
An Giang,Long Xuyên,Mỹ Xuyên,Hà Hoàng Hổ
Hồ Chí Minh,Hóc Môn,Tân Thới Nhì,Công Khi
Hà Nội,Cầu Giấy,Dịch Vọng Hậu,Hẻm 41 Dịch Vọng Hậu
Đà Nẵng,Sơn Trà,An Hải Đông,Nguyễn Duy Hiệu
Hà Nội,Cầu Giấy,Quan Hoa,Quan Hoa
Hồ Chí Minh,Thủ Đức,Tăng Nhơn Phú B,Đình Phong Phú
Hồ Chí Minh,Quận 12,Thạnh Xuân,Tô Ngọc Vân
Hồ Chí Minh,Tân Phú,Hòa Thạnh,Huỳnh Thiện Lộc
Cần Thơ,Ninh Kiều,An Khánh,Phạm Thế Hiển
Hà Nội,Đống Đa,Văn Chương,Ngõ Văn Chương
Hà Nội,Hà Đông,Vạn Phúc,Cầu Am
Hồ Chí Minh,Tân Bình,Phường 12,Nguyễn Minh Hoàng
Hồ Chí Minh,Quận 10,Phường 10,Lý Thái Tổ
Hồ Chí Minh,Thủ Đức,Tam Bình,1A
Hồ Chí Minh,Quận 1,Nguyễn Cư Trinh,Nguyễn Văn Cừ
Hồ Chí Minh,Quận 7,Tân Kiểng,Trần Xuân Soạn
Khánh Hòa,Nha Trang,Lộc Thọ,Biệt Thự
Khánh Hòa,Nha Trang,Lộc Thọ,Trần Quang Khải
Hồ Chí Minh,Quận 1,Nguyễn Cư Trinh,Nguyễn Trãi
Hà Nội,Đống Đa,Trung Liệt,Hoàng Cầu
Hồ Chí Minh,Quận 7,Tân Phong,Lê Văn Lương
Hồ Chí Minh,Tân Bình,Phường 14,Ba Vân
Hồ Chí Minh,Tân Phú,Sơn Kỳ,DC13
Hồ Chí Minh,Tân Bình,Phường 5,Cách Mạng Tháng 8
Hồ Chí Minh,Quận 1,Phạm Ngũ Lão,Phạm Ngũ Lão
Hồ Chí Minh,Bình Chánh,Thị Trấn Tân Túc,1A
Hồ Chí Minh,Quận 8,Phường 10,Phạm Hùng
Đà Nẵng,Sơn Trà,An Hải Đông,Nguyễn Văn Thoại
Hồ Chí Minh,Gò Vấp,Phường 12,Phan Huy Ích
Đà Nẵng,Sơn Trà,Phước Mỹ,Nguyễn Văn Thoại
Hồ Chí Minh,Gò Vấp,Phường 17,Nguyễn Văn Lượng
Hồ Chí Minh,Phú Nhuận,Phường 11,Hẻm 181 Nguyễn Đình Chính
Khánh Hòa,Nha Trang,Tân Lập,Võ Trứ
Hồ Chí Minh,Quận 11,Phường 16,Ba Tháng Hai
Hà Nội,Ba Đình,Giảng Võ,Ngõ 12 Núi Trúc
Khánh Hòa,Nha Trang,Phước Tân,Thái Nguyên
Đồng Nai,Biên Hòa,Hóa An,Nguyễn Ái Quốc
Hồ Chí Minh,Quận 7,Tân Quy,Hẻm 53 Số 37
Hồ Chí Minh,Bình Thạnh,Phường 12,Hẻm 32 Bùi Đình Túy
Hồ Chí Minh,Tân Phú,Phú Thạnh,Hẻm 59 Nguyễn Sơn
Hồ Chí Minh,Quận 7,Tân Phong,Số 6
Hồ Chí Minh,Bình Chánh,Phạm Văn Hai,An Hạ
Hồ Chí Minh,Gò Vấp,Phường 16,Hẻm 340 Nguyễn Văn Lượng
Hồ Chí Minh,Tân Bình,Phường 14,Đồng Đen
Hồ Chí Minh,Bình Chánh,Lê Minh Xuân,Láng Le-Bàu Cò
Hồ Chí Minh,Quận 7,Bình Thuận,Lâm Văn Bền
Đồng Nai,Biên Hòa,Quyết Thắng,30 Tháng 4
Hồ Chí Minh,Tân Phú,Tây Thạnh,T5
Khánh Hòa,Nha Trang,Xương Huân,Hàng Cá
Hồ Chí Minh,Quận 12,Tân Thới Hiệp,Nguyễn Thị Kiều
Hồ Chí Minh,Quận 1,Tân Định,Võ Thị Sáu
Đà Nẵng,Hải Châu,Hòa Cường Bắc,Núi Thành
Hồ Chí Minh,Bình Thạnh,Phường 19,Phạm Viết Chánh
Hồ Chí Minh,Quận 7,Tân Quy,Lâm Văn Bền
Hà Nội,Ba Đình,Giảng Võ,Giảng Võ
Đồng Nai,Biên Hòa,Tân Biên,1A
Hồ Chí Minh,Quận 5,Phường 11,Nguyễn Trãi
Hồ Chí Minh,Quận 1,Nguyễn Thái Bình,Ký Con
Hồ Chí Minh,Nhà Bè,Phước Lộc,Phạm Hùng
Hà Nam,Phủ Lý,Lê Hồng Phong,Lý Thường Kiệt
Hồ Chí Minh,Bình Thạnh,Phường 28,Hẻm 353 Bình Quới
Đồng Nai,Biên Hòa,Tam Hiệp,Lý Văn Sâm
Đồng Nai,Biên Hòa,Thống Nhất,Phạm Văn Thuận
Hà Nội,Cầu Giấy,Trung Hòa,Hoàng Ngân
Hồ Chí Minh,Tân Phú,Phú Thọ Hòa,Lê Vĩnh Hòa
Hồ Chí Minh,Tân Phú,Sơn Kỳ,N1
Hồ Chí Minh,Quận 10,Phường 14,Ba Tháng Hai
Hồ Chí Minh,Quận 5,Phường 14,Nguyễn Trãi
Đà Nẵng,Hải Châu,Phước Ninh,Lê Hồng Phong
Đà Nẵng,Ngũ Hành Sơn,Mỹ An,Mai Thúc Lân
An Giang,Long Xuyên,Mỹ Hòa,Hà Hoàng Hổ
Hồ Chí Minh,Quận 10,Phường 14,Nguyễn Ngọc Lộc
Bình Dương,Thuận An,Thuận Giao,13
Đồng Nai,Biên Hòa,Trảng Dài,Nguyễn Phúc Chu
Đồng Nai,Biên Hòa,Tân Tiến,Phan Trung
Hồ Chí Minh,Thủ Đức,Linh Xuân,Bà Giang
Hồ Chí Minh,Bình Chánh,Thị Trấn Tân Túc,Cầu Bình Điền 2
Hồ Chí Minh,Thủ Đức,Linh Chiểu,Kha Vạn Cân
Hồ Chí Minh,Tân Bình,Phường 9,Nguyễn Thị Nhỏ
Hà Nội,Tây Hồ,Yên Phụ,Yên Phụ
Hà Nội,Hai Bà Trưng,Bạch Mai,Bạch Mai
Hà Nội,Hoàng Mai,Giáp Bát,Ngõ 768 Trương Định
Hồ Chí Minh,Quận 7,Tân Phong,Phạm Văn Nghị
Đắk Lắk,Buôn Ma Thuột,Thắng Lợi,Lý Thường Kiệt
Hồ Chí Minh,Quận 7,Tân Thuận Tây,Huỳnh Tấn Phát
Cần Thơ,Ninh Kiều,Cái Khế,Trần Phú
Hồ Chí Minh,Thủ Đức,Tam Bình,Số 10
Đà Nẵng,Sơn Trà,An Hải Bắc,Lê Chân
Hà Nội,Hai Bà Trưng,Vĩnh Tuy,Ngõ 61 Lạc Trung
Đồng Nai,Biên Hòa,An Bình,Trần Quốc Toản
Hồ Chí Minh,Quận 7,Tân Thuận Đông,Hẻm 28 Trần Trọng Cung
Cần Thơ,Bình Thủy,Thới An Đông,91B
Hồ Chí Minh,Thủ Đức,Bình Thọ,Đặng Văn Bi
Đồng Nai,Biên Hòa,Tam Hòa,Phạm Văn Thuận
Bình Dương,Dĩ An,Tân Đông Hiệp,Tỉnh743b
Hồ Chí Minh,Quận 7,Tân Phú,D Nam
Cần Thơ,Ninh Kiều,An Hòa,Nguyễn Văn Cừ
Đà Nẵng,Hải Châu,Hòa Cường Nam,Phan Trọng Tuệ
Hồ Chí Minh,Phú Nhuận,Phường 2,Hoa Sứ
Hồ Chí Minh,Gò Vấp,Phường 8,Nguyễn Văn Khối
Hồ Chí Minh,Thủ Đức,Thảo Điền,Thảo Điền
Hồ Chí Minh,Bình Thạnh,Phường 19,Phan Văn Hân
Hà Nội,Tây Hồ,Nhật Tân,Ngách 472/11 Lạc Long Quân
Hồ Chí Minh,Phú Nhuận,Phường 17,Phan Đình Phùng
Hồ Chí Minh,Tân Bình,Phường 12,Cộng Hoà
Đà Nẵng,Liên Chiểu,Hòa Minh,Nguyễn Nhược Pháp
Đắk Lắk,Buôn Ma Thuột,Tân An,Hẻm 116 Nguyễn Chí Thanh
Đắk Lắk,Buôn Ma Thuột,Tân Lợi,Lý Thái Tổ
Hồ Chí Minh,Tân Bình,Phường 15,Hẻm 93 Trần Thái Tông
Cần Thơ,Ninh Kiều,An Bình,Trần Hoàng Na
Hồ Chí Minh,Thủ Đức,Phước Long B,359
Hà Nội,Ba Đình,Phúc Xá,Hồng Hà
Đồng Nai,Biên Hòa,Quyết Thắng,Hà Huy Giáp
Đắk Lắk,Buôn Ma Thuột,Thành Nhất,Hẻm 4 Mai Xuân Thưởng
Hồ Chí Minh,Thủ Đức,Tăng Nhơn Phú A,Làng Tăng Phú
Đà Nẵng,Hải Châu,Hòa Cường Bắc,Phan Huy Ôn
Hồ Chí Minh,Tân Phú,Sơn Kỳ,Hẻm 188 Tân Kỳ Tân Quý
Hồ Chí Minh,Quận 7,Tân Hưng,Cầu Him Lam
Hồ Chí Minh,Thủ Đức,Thảo Điền,Số 2
Hồ Chí Minh,Quận 12,Đông Hưng Thuận,Đông Hưng Thuận 30
Quảng Trị,Đông Hà,Phường 1,Lê Thế Hiếu
Hồ Chí Minh,Quận 5,Phường 9,Nguyễn Chí Thanh
Hồ Chí Minh,Quận 7,Tân Hưng,Cầu Kênh Tẻ
Đà Nẵng,Hải Châu,Thuận Phước,Đống Đa
Hồ Chí Minh,Tân Phú,Tân Thới Hòa,Nguyễn Trọng Quyền
Hồ Chí Minh,Thủ Đức,Tam Bình,Gò Dưa
Đà Nẵng,Hải Châu,Thạch Thang,Trần Quý Cáp
Bình Dương,Thủ Dầu Một,Chánh Nghĩa,30 Tháng 4
Hồ Chí Minh,Quận 1,Nguyễn Thái Bình,Trần Hưng Đạo
Hồ Chí Minh,Tân Phú,Tân Sơn Nhì,Tân Sơn Nhì
Hà Nội,Cầu Giấy,Mai Dịch,Doãn Kế Thiện
Đà Nẵng,Hòa Vang,Hòa Liên,1A
Hồ Chí Minh,Quận 3,Võ Thị Sáu,Điện Biên Phủ
Hà Nội,Ba Đình,Vĩnh Phúc,Vĩnh Phúc
Hồ Chí Minh,Thủ Đức,Thảo Điền,Hẻm 49 Nguyễn Đăng Giai
Hồ Chí Minh,Quận 12,Đông Hưng Thuận,Trường Chinh
Hồ Chí Minh,Thủ Đức,Trường Thạnh,Nguyễn Duy Trinh
Thừa Thiên Huế,Huế,Phú Hội,Trần Quang Khải
Hồ Chí Minh,Quận 7,Tân Phú,C
Hồ Chí Minh,Tân Bình,Phường 13,Hẻm 20 Núi Thành
Hà Nội,Bắc Từ Liêm,Phú Diễn,Hồ Tùng Mậu
Đà Nẵng,Hải Châu,Phước Ninh,Kiệt 122A Trưng Nữ Vương
Hồ Chí Minh,Quận 8,Phường 13,Tùng Thiện Vương
Hồ Chí Minh,Bình Thạnh,Phường 3,Đinh Tiên Hoàng
Đà Nẵng,Liên Chiểu,Hòa Minh,Hoàng Thị Loan
Hồ Chí Minh,Quận 11,Phường 3,Hòa Bình
Hà Nội,Cầu Giấy,Dịch Vọng Hậu,Xuân Thủy
Hồ Chí Minh,Quận 1,Cô Giang,Hồ Hảo Hớn
Hồ Chí Minh,Quận 12,Thới An,QL.1
Hồ Chí Minh,Thủ Đức,Tân Phú,Số 400
Hồ Chí Minh,Quận 8,Phường 16,An Dương Vương
Hồ Chí Minh,Bình Thạnh,Phường 14,Huỳnh Đình Hai
Đà Nẵng,Hải Châu,Hòa Cường Bắc,30/4
Bình Dương,Thủ Dầu Một,Phú Lợi,Hẻm 243/69 Nguyễn Bình
Hồ Chí Minh,Quận 5,Phường 6,Ngô Quyền
Hồ Chí Minh,Tân Bình,Phường 4,Hậu Giang
Cần Thơ,Ninh Kiều,An Bình,Nguyễn Văn Cừ
Hồ Chí Minh,Quận 10,Phường 14,Nguyễn Tri Phương
Hồ Chí Minh,Tân Bình,Phường 13,Tân Hải
Hồ Chí Minh,Phú Nhuận,Phường 7,Đặng Thai Mai
Hồ Chí Minh,Quận 1,Nguyễn Thái Bình,Nguyễn Thái Bình
Hồ Chí Minh,Tân Bình,Phường 15,Hẻm 15 Tống Văn Hên
Khánh Hòa,Nha Trang,Tân Lập,Tô Hiến Thành
Hồ Chí Minh,Gò Vấp,Phường 11,Hẻm 78/21 Nguyễn Văn Khối
Hồ Chí Minh,Tân Phú,Tân Thới Hòa,Phan Anh
Hà Nội,Hà Đông,Phú La,Văn Khê
Hà Nội,Cầu Giấy,Dịch Vọng Hậu,Trần Thái Tông
Hồ Chí Minh,Quận 11,Phường 16,Hàn Hải Nguyên
Hồ Chí Minh,Quận 3,Phường 11,Cách Mạng Tháng Tám
Đà Nẵng,Cẩm Lệ,Hòa An,Đinh Liệt
Hồ Chí Minh,Quận 7,Tân Kiểng,Hẻm 63 Lê Văn Lương
Hồ Chí Minh,Thủ Đức,Linh Trung,Lê Văn Chí
Hồ Chí Minh,Quận 12,An Phú Đông,An Phú Đông 3
Hồ Chí Minh,Thủ Đức,Thảo Điền,Nguyễn Cừ
Cần Thơ,Ninh Kiều,An Hòa,Cách Mạng Tháng 8
Hà Nội,Cầu Giấy,Trung Hòa,Ngõ 43 Trung Kính
Hồ Chí Minh,Tân Bình,Phường 6,Bắc Hải
Đà Nẵng,Liên Chiểu,Hòa Khánh Bắc,Âu Cơ
Bà Rịa Vũng Tàu,Vũng Tàu,Phường 3,Hẻm 80 Trương Công Định
Hồ Chí Minh,Quận 11,Phường 10,Bình Thới
Đà Nẵng,Hải Châu,Phường Hải Châu 1,Trần Phú
Hồ Chí Minh,Phú Nhuận,Phường 3,Hẻm 6 Phan Xích Long
Hồ Chí Minh,Thủ Đức,Phước Long B,Liên Phường
Hồ Chí Minh,Quận 1,Bến Nghé,Công Trường Lam Sơn
Hồ Chí Minh,Quận 1,Bến Nghé,Nguyễn Siêu
Hồ Chí Minh,Quận 12,Thới An,Lê Thị Riệng
Hồ Chí Minh,Gò Vấp,Phường 14,Hẻm 15 Số 59
Hồ Chí Minh,Quận 3,Phường 4,Số 1
Hồ Chí Minh,Quận 8,Phường 10,Dã Tượng
Hồ Chí Minh,Tân Phú,Tân Thành,Thành Công
Hồ Chí Minh,Hóc Môn,Bà Điểm,Phan Văn Đối
Hà Nội,Hoàng Mai,Định Công,Vành Đai 2.5
Hà Nội,Cầu Giấy,Dịch Vọng Hậu,Ngõ 63 Trần Quốc Vượng
Hồ Chí Minh,Quận 8,Phường 9,Hưng Phú
Hồ Chí Minh,Quận 7,Tân Phong,Số 40
Bình Dương,Dĩ An,Dĩ An,Lý Thường Kiệt
Hồ Chí Minh,Quận 7,Phú Mỹ,Huỳnh Tấn Phát
Hồ Chí Minh,Phú Nhuận,Phường 7,Hoa Sữa
Hồ Chí Minh,Tân Bình,Phường 11,Đồng Đen
Hà Nội,Cầu Giấy,Trung Hòa,Hầm Chui Trung Hòa
Hồ Chí Minh,Quận 11,Phường 3,Lạc Long Quân
Bà Rịa Vũng Tàu,Vũng Tàu,Phường 10,Hẻm 414 Nguyễn Hữu Cảnh
Hồ Chí Minh,Tân Phú,Tây Thạnh,Hồ Đắc Di
Hồ Chí Minh,Phú Nhuận,Phường 9,Đỗ Tấn Phong
Thanh Hóa,Hoằng Hóa,Hoằng Ngọc,Khu Du Lịch Hải Tiến
Hồ Chí Minh,Quận 7,Tân Quy,Hẻm 10 Số 85
Hồ Chí Minh,Bình Thạnh,Phường 12,Bùi Đình Tuý
Hồ Chí Minh,Hóc Môn,Bà Điểm,Hẻm 96 Tiền Lân 13
Hà Nội,Nam Từ Liêm,Mễ Trì,Lê Quang Đạo
Hồ Chí Minh,Củ Chi,Tân Phú Trung,Tỉnh Lộ 2
Hà Nội,Đống Đa,Quang Trung,Chùa Bộc
Hà Nội,Cầu Giấy,Yên Hòa,Ngõ 445 Nguyễn Khang
Hồ Chí Minh,Bình Chánh,Vĩnh Lộc B,Hẻm A3 Liên Ấp 1.2
Hồ Chí Minh,Bình Thạnh,Phường 12,Bùi Đình Túy
Hồ Chí Minh,Thủ Đức,Phước Long B,Xa Lộ Hà Nội
Hồ Chí Minh,Bình Thạnh,Phường 19,Nguyễn Ngọc Phương
Hồ Chí Minh,Gò Vấp,Phường 16,Hẻm 340/2 Nguyễn Văn Lượng
Hồ Chí Minh,Tân Bình,Phường 12,Đồng Đen
Đà Nẵng,Ngũ Hành Sơn,Mỹ An,Ngô Thì Sĩ
Hồ Chí Minh,Quận 6,Phường 8,Phạm Văn Chí
Hồ Chí Minh,Quận 11,Phường 15,Lữ Gia
Hồ Chí Minh,Quận 6,Phường 9,Lò Gốm
Hồ Chí Minh,Củ Chi,Tân Thông Hội,22
Hồ Chí Minh,Thủ Đức,An Phú,Nguyễn Quý Cảnh
Hồ Chí Minh,Tân Bình,Phường 13,Bình Giã
Hồ Chí Minh,Quận 10,Phường 13,Hòa Hưng
Hồ Chí Minh,Quận 4,Phường 6,Hoàng Diệu
Hà Nội,Hoàng Mai,Định Công,Trần Nguyên Đán
Đà Nẵng,Cẩm Lệ,Khuê Trung,Lê Đại Hành
Hồ Chí Minh,Quận 11,Phường 2,Minh Phụng
Hồ Chí Minh,Thủ Đức,Linh Trung,Kha Vạn Cân
Hồ Chí Minh,Nhà Bè,Phú Xuân,Hẻm 257 Nguyễn Bình
Hà Nội,Bắc Từ Liêm,Phường Cổ Nhuế 1,Trần Cung
Hồ Chí Minh,Tân Phú,Tân Sơn Nhì,Diệp Minh Châu
Hồ Chí Minh,Tân Phú,Phú Trung,Hẻm 176 Kênh Tân Hóa
Hà Nội,Tây Hồ,Bưởi,Hoàng Hoa Thám
Hà Nội,Hoàn Kiếm,Trần Hưng Đạo,Quán Sứ
Hồ Chí Minh,Quận 12,Thới An,Khu Dân Cư Thới An
Hồ Chí Minh,Quận 7,Phú Mỹ,Hoàng Quốc Việt
Hồ Chí Minh,Quận 7,Tân Thuận Đông,Trần Trọng Cung
Đà Nẵng,Hải Châu,Thạch Thang,Lý Tự Trọng
Khánh Hòa,Nha Trang,Phước Hải,Lê Hồng Phong
Hà Nội,Long Biên,Phúc Đồng,Cầu Vượt Sài Đồng
Hà Nội,Đống Đa,Phương Mai,Trường Chinh
Hà Nội,Hà Đông,La Khê,Quang Trung
Hà Nội,Cầu Giấy,Dịch Vọng Hậu,Duy Tân
Hồ Chí Minh,Gò Vấp,Phường 13,Lê Văn Thọ
Hồ Chí Minh,Quận 3,Phường 11,Hẻm 159/74 Hoàng Sa
Nghệ An,Vinh,Hưng Dũng,Nguyễn Sỹ Sách
Đà Nẵng,Hải Châu,Phường Hải Châu 2,Ông Ích Khiêm
Hồ Chí Minh,Thủ Đức,Hiệp Bình Phước,Số 7
Hải Phòng,Lê Chân,Niệm Nghĩa,Trần Nguyên Hãn
Cần Thơ,Cái Răng,Hưng Phú,B3
Hồ Chí Minh,Quận 11,Phường 16,Nguyễn Chí Thanh
Cần Thơ,Ninh Kiều,An Hòa,Trần Việt Châu
Hồ Chí Minh,Tân Bình,Phường 5,Hoàng Sa
Cần Thơ,Ninh Kiều,An Phú,Lý Tự Trọng
Hồ Chí Minh,Hóc Môn,Bà Điểm,TK11
Hà Nội,Ba Đình,Quán Thánh,Phan Đình Phùng
Đà Nẵng,Hải Châu,Hòa Cường Bắc,Nguyễn Hữu Dật
Lâm Đồng,Đà Lạt,Phường 4,Đoàn Thị Điểm
Hà Nội,Đống Đa,Láng Thượng,Đê La Thành
Cần Thơ,Ninh Kiều,An Hòa,Nguyễn Đệ
Hà Nội,Cầu Giấy,Trung Hòa,Mạc Thái Tông
Hồ Chí Minh,Quận 8,Phường 11,Tùng Thiện Vương
Hồ Chí Minh,Tân Bình,Phường 6,Hẻm 22 Cách Mạng Tháng 8
Hà Nội,Nam Từ Liêm,Phường Mỹ Đình 2,Hàm Nghi
Bà Rịa Vũng Tàu,Phú Mỹ,Phú Mỹ,Hùng Vương
Hồ Chí Minh,Quận 3,Phường 4,Số 4
Hà Nội,Đống Đa,Trung Liệt,Thái Hà
Bình Dương,Thuận An,Lái Thiêu,Cách Mạng Tháng Tám
Hồ Chí Minh,Quận 1,Bến Nghé,Huỳnh Thúc Kháng
Hồ Chí Minh,Phú Nhuận,Phường 10,Nguyễn Văn Trỗi
Khánh Hòa,Nha Trang,Phước Hòa,Vân Đồn
Hà Nội,Hai Bà Trưng,Nguyễn Du,Triệu Việt Vương
Hà Nội,Bắc Từ Liêm,Phúc Diễn,Văn Tiến Dũng
Hà Nội,Thanh Xuân,Khương Trung,Vũ Tông Phan
Hà Nội,Hai Bà Trưng,Trương Định,Bạch Mai
Hà Nội,Đống Đa,Láng Thượng,Nguyễn Chí Thanh
Đà Nẵng,Hải Châu,Thanh Bình,Nguyễn Tất Thành
Hà Nội,Hoàn Kiếm,Hàng Bài,Lý Thường Kiệt
Đà Nẵng,Hải Châu,Hòa Cường Bắc,Ngô Tất Tố
Hà Nội,Cầu Giấy,Trung Hòa,Trung Kính
Hà Nội,Hai Bà Trưng,Nguyễn Du,Mai Hắc Đế
Hà Nội,Hoàn Kiếm,Hàng Bài,Bà Triệu
Bình Dương,Thuận An,Vĩnh Phú,Đại Lộ Bình Dương
Hồ Chí Minh,Tân Bình,Phường 7,Hẻm 927 Cách Mạng Tháng 8
Hà Nội,Nam Từ Liêm,Trung Văn,Hẻm 35 Phùng Khoang
Hồ Chí Minh,Quận 11,Phường 11,Đội Cung
Hà Nội,Hoàn Kiếm,Hàng Bài,Hàm Long
Bà Rịa Vũng Tàu,Vũng Tàu,Thắng Tam,Thùy Vân
Hồ Chí Minh,Phú Nhuận,Phường 3,Nguyễn Đình Chiểu
Hà Nội,Hoàn Kiếm,Hàng Bài,Hàng Bài
Hồ Chí Minh,Quận 1,Đa Kao,Trần Cao Vân
Hà Nội,Cầu Giấy,Trung Hòa,Hẻm 18 Trung Hòa
Hải Phòng,Lê Chân,Vĩnh Niệm,Cầu Võ Nguyên Giáp
Hồ Chí Minh,Quận 3,Phường 2,Nguyễn Thiện Thuật
Hồ Chí Minh,Quận 3,Võ Thị Sáu,Hai Bà Trưng
Quảng Ninh,Uông Bí,Quang Trung,Quang Trung
Hồ Chí Minh,Quận 7,Phú Thuận,Cao Thị Chinh
Hà Nội,Đống Đa,Nam Đồng,Trần Hữu Tước
Hồ Chí Minh,Thủ Đức,An Lợi Đông,Nguyễn Cơ Thạch
Hà Nội,Tây Hồ,Yên Phụ,An Dương
Hồ Chí Minh,Nhà Bè,Nhơn Đức,Nguyễn Bình
Hồ Chí Minh,Quận 5,Phường 7,Trần Hưng Đạo
Khánh Hòa,Nha Trang,Vĩnh Hòa,Nguyễn Chích
Hồ Chí Minh,Gò Vấp,Phường 17,Lê Thị Hồng
Hồ Chí Minh,Thủ Đức,Phước Long A,Ven Rạch Chiếc
Khánh Hòa,Nha Trang,Phương Sài,Hoàng Văn Thụ
Hồ Chí Minh,Bình Thạnh,Phường 7,Nơ Trang Long
Hà Nội,Tây Hồ,Bưởi,Trích Sài
Hà Nội,Đống Đa,Ô Chợ Dừa,Trần Quang Diệu
Hà Nội,Nam Từ Liêm,Phường Mỹ Đình 2,Nguyễn Cơ Thạch
Hà Nội,Thanh Xuân,Khương Đình,Vũ Tông Phan
Hà Nội,Cầu Giấy,Dịch Vọng Hậu,Phan Văn Trường
Hà Nội,Cầu Giấy,Dịch Vọng Hậu,Ngõ 66 Dịch Vọng Hậu
Hà Nội,Đống Đa,Phương Liên,Xã Đàn
Thái Bình,Thái Bình,Trần Lãm,Ngô Thì Nhậm
Hà Nội,Hai Bà Trưng,Phạm Đình Hổ,Thi Sách
Hà Nội,Hà Đông,Mộ Lao,Mộ Lao
Lâm Đồng,Đà Lạt,Phường 2,Phan Đình Phùng
Bình Dương,Thuận An,An Phú,Trần Quang Diệu
Hồ Chí Minh,Quận 11,Phường 16,Lò Siêu
Hà Nội,Nam Từ Liêm,Phường Mỹ Đình 1,Mỹ Đình
Hà Nội,Ba Đình,Vĩnh Phúc,Hoàng Hoa Thám
Quảng Nam,Tam Kỳ,Tân Thạnh,Hồ Nghinh
Hà Nội,Tây Hồ,Xuân La,Xuân La
Hà Nội,Hoàn Kiếm,Hàng Bồ,Hàng Vải
Đà Nẵng,Sơn Trà,An Hải Bắc,Lê Tấn Toán
Hà Nội,Ba Đình,Ngọc Khánh,Kim Mã
Hồ Chí Minh,Bình Chánh,Bình Hưng,Số 10
Hà Nội,Tây Hồ,Thụy Khuê,Trích Sài
Hồ Chí Minh,Thủ Đức,Linh Xuân,Hẻm 3 Số 7
Bình Dương,Bến Cát,Thới Hòa,NE2
Hồ Chí Minh,Quận 3,Phường 1,Hẻm 645 Điện Biên Phủ
Đà Nẵng,Ngũ Hành Sơn,Mỹ An,An Thượng 1
Đà Nẵng,Sơn Trà,Phước Mỹ,Mỹ Khê 4
Hồ Chí Minh,Tân Bình,Phường 4,Cách Mạng Tháng 8
Hà Nội,Hai Bà Trưng,Lê Đại Hành,Nguyễn Đình Chiểu
Hà Nội,Hai Bà Trưng,Bách Khoa,Trần Đại Nghĩa
Hồ Chí Minh,Thủ Đức,Hiệp Bình Chánh,Số 37
Hồ Chí Minh,Tân Phú,Sơn Kỳ,Lê Trọng Tấn
Hồ Chí Minh,Quận 7,Tân Phong,Cao Triều Phát
Đà Nẵng,Ngũ Hành Sơn,Mỹ An,Mỹ An 1
Hồ Chí Minh,Quận 7,Tân Phú,Phú Thuận
Hồ Chí Minh,Bình Thạnh,Phường 6,Hẻm 1 Nguyễn Huy Tưởng
Hồ Chí Minh,Gò Vấp,Phường 10,Thông Tây Hội
Hà Nội,Hoàn Kiếm,Cửa Nam,Hai Bà Trưng
Hà Nội,Đống Đa,Cát Linh,Tôn Đức Thắng
Đà Nẵng,Hải Châu,Thuận Phước,Phan Kế Bính
Hồ Chí Minh,Quận 12,An Phú Đông,An Phú Đông 9
Hồ Chí Minh,Quận 7,Tân Phong,Nguyễn Văn Linh
Hà Nội,Đống Đa,Trung Liệt,Nguyễn Văn Tuyết
Hà Nội,Hoàn Kiếm,Hàng Gai,Hàng Gai
Hà Nội,Hoàn Kiếm,Hàng Bồ,Hàng Gà
Hà Nội,Cầu Giấy,Dịch Vọng,Cầu Giấy
Hà Nội,Tây Hồ,Xuân La,Nguyễn Hoàng Tôn
Hà Nội,Ba Đình,Đội Cấn,Đội Cấn
Hà Nội,Ba Đình,Thành Công,Thanh Niên
Hồ Chí Minh,Quận 11,Phường 1,Hồng Bàng
Hồ Chí Minh,Thủ Đức,Long Trường,Trường Lưu
Hồ Chí Minh,Tân Bình,Phường 13,Ấp Bắc
Hà Nội,Hai Bà Trưng,Vĩnh Tuy,Lạc Trung
Hồ Chí Minh,Quận 11,Phường 10,Minh Phụng
Hồ Chí Minh,Tân Bình,Phường 15,Tân Sơn
Hồ Chí Minh,Phú Nhuận,Phường 8,Nguyễn Thị Huỳnh
Hà Nội,Đống Đa,Trung Liệt,Chùa Bộc
Hà Nội,Ba Đình,Phúc Xá,Phúc Xá
Hà Nội,Thanh Xuân,Thanh Xuân Bắc,Nguyễn Trãi
Cần Thơ,Ninh Kiều,Cái Khế,Phạm Ngọc Thạch
Hồ Chí Minh,Phú Nhuận,Phường 17,Ngô Thời Nhiệm
Hồ Chí Minh,Quận 1,Nguyễn Thái Bình,Calmette
Hồ Chí Minh,Bình Thạnh,Phường 14,Phan Đăng Lưu
Hưng Yên,Văn Giang,Long Hưng,Cọ Xanh 5
Bình Phước,Đồng Phú,Tân Tiến,ĐT.741
Hà Nội,Ba Đình,Liễu Giai,Văn Cao
Hà Nội,Hà Đông,Vạn Phúc,Vạn Phúc
Hà Nội,Hoàn Kiếm,Hàng Buồm,Tạ Hiện
Bà Rịa Vũng Tàu,Bà Rịa,Long Tâm,Hùng Vương
Hà Nội,Đống Đa,Trung Tự,Chùa Bộc
Hồ Chí Minh,Tân Phú,Tân Thành,Nguyễn Hậu
Hồ Chí Minh,Quận 1,Bến Thành,Huỳnh Thúc Kháng
Hà Nội,Đống Đa,Ô Chợ Dừa,Hoàng Cầu
Hà Nội,Hai Bà Trưng,Phạm Đình Hổ,Lò Đúc
Hồ Chí Minh,Bình Thạnh,Phường 26,Đinh Bộ Lĩnh
Hà Nội,Hai Bà Trưng,Đồng Tâm,Ngõ 67 Lê Thanh Nghị
Hà Nội,Hoàn Kiếm,Tràng Tiền,Phan Chu Trinh
Hồ Chí Minh,Củ Chi,Phước Vĩnh An,Số 406
Hồ Chí Minh,Quận 3,Phường 11,Hoàng Sa
Hồ Chí Minh,Quận 10,Phường 15,Thất Sơn
Hà Nội,Cầu Giấy,Nghĩa Đô,Hẻm 17 Đông Quan
Hà Nội,Hoàn Kiếm,Hàng Buồm,Lương Ngọc Quyến
Hồ Chí Minh,Quận 10,Phường 15,Nguyễn Giản Thanh
Đồng Nai,Biên Hòa,Trảng Dài,Nguyễn Ái Quốc
Đà Nẵng,Thanh Khê,An Khê,Hà Huy Tập
Hải Phòng,Lê Chân,Cát Dài,Ngõ Đoàn Thị Điểm
Hà Nội,Tây Hồ,Xuân La,Võ Chí Công
Hà Nội,Cầu Giấy,Trung Hòa,Trung Yên 3
Hải Phòng,Hồng Bàng,Trại Chuối,Tiền Đức
Hồ Chí Minh,Quận 1,Bến Nghé,Nam Kỳ Khởi Nghĩa
Ankara,Çankaya,Yukarı Bahçelievler,69. Sokak
Hồ Chí Minh,Quận 10,Phường 6,Nguyễn Lâm
Hồ Chí Minh,Gò Vấp,Phường 10,Hẻm 97/8 Thống Nhất
Hà Nội,Thanh Xuân,Nhân Chính,Hoàng Ngân
Hà Nội,Hoàng Mai,Vĩnh Hưng,Vĩnh Hưng
Hồ Chí Minh,Quận 1,Nguyễn Cư Trinh,Nguyễn Cư Trinh
Hà Nội,Long Biên,Bồ Đề,Hoàng Như Tiếp
Hà Nội,Hoàn Kiếm,Lý Thái Tổ,Ngô Quyền
Hà Nội,Ba Đình,Cống Vị,Linh Lang
Hồ Chí Minh,Thủ Đức,Tam Bình,Tam Châu
Hồ Chí Minh,Tân Bình,Phường 11,Phan Sào Nam
Hồ Chí Minh,Quận 12,Trung Mỹ Tây,Tô Ký
Hà Nội,Cầu Giấy,Trung Hòa,Nguyễn Ngọc Vũ
Hồ Chí Minh,Gò Vấp,Phường 6,Hẻm 14 Nguyễn Văn Lượng
Hà Nội,Cầu Giấy,Dịch Vọng Hậu,Tôn Thất Thuyết
Đà Nẵng,Ngũ Hành Sơn,Mỹ An,Võ Nguyên Giáp
Đà Nẵng,Sơn Trà,Phước Mỹ,Hà Bổng
Hà Nội,Cầu Giấy,Quan Hoa,Nguyễn Văn Huyên
Hồ Chí Minh,Quận 10,Phường 12,Thành Thái
Khánh Hòa,Nha Trang,Xương Huân,Phan Đình Phùng
Hồ Chí Minh,Quận 12,Trung Mỹ Tây,Hà Đặc
Thừa Thiên Huế,Huế,Xuân Phú,Nguyễn Đức Tịnh
Hồ Chí Minh,Phú Nhuận,Phường 9,Trần Khắc Chân
Hồ Chí Minh,Thủ Đức,Bình Trưng Tây,Nguyễn Tuyển
Hà Nội,Hoàn Kiếm,Hàng Bông,Hàng Bông
Hà Nội,Sóc Sơn,Quang Tiến,Võ Văn Kiệt
Hà Nội,Hoàn Kiếm,Lý Thái Tổ,Nguyễn Hữu Huân
Hồ Chí Minh,Quận 3,Phường 4,Số 2
Quảng Bình,Đồng Hới,Bảo Ninh,Võ Nguyên Giáp
Hà Nội,Cầu Giấy,Dịch Vọng,Dịch Vọng
Hà Nội,Cầu Giấy,Nghĩa Đô,Phùng Chí Kiên
Lạng Sơn,Chi Lăng,Thị Trấn Đồng Mỏ,Trần Lựu
Hà Nội,Thanh Xuân,Thanh Xuân Trung,Nguyễn Trãi
Hồ Chí Minh,Quận 1,Cô Giang,Hẻm 321 Trần Hưng Đạo
Đà Nẵng,Hải Châu,Phường Hải Châu 2,Hoàng Diệu
Hà Nội,Cầu Giấy,Dịch Vọng,Trần Đăng Ninh
Hồ Chí Minh,Quận 1,Đa Kao,Hoàng Sa
Hồ Chí Minh,Tân Bình,Phường 14,Trương Công Định
Hồ Chí Minh,Tân Phú,Phú Thọ Hòa,Vườn Lài
Hồ Chí Minh,Quận 1,Cô Giang,Đề Thám
Đà Nẵng,Ngũ Hành Sơn,Mỹ An,Đỗ Bá
Bình Dương,Thuận An,Bình Nhâm,Nguyễn Hữu Cảnh
Hồ Chí Minh,Thủ Đức,Thạnh Mỹ Lợi,Nguyễn Văn Kỉnh
Hà Nội,Hai Bà Trưng,Trương Định,Minh Khai
Hà Nội,Hoàn Kiếm,Lý Thái Tổ,Hàng Dầu
Đồng Nai,Biên Hòa,Tân Mai,Trương Quyền
Hà Nội,Ba Đình,Vĩnh Phúc,Đốc Ngữ
Hà Nội,Đống Đa,Trung Tự,Phạm Ngọc Thạch
Hồ Chí Minh,Quận 1,Đa Kao,Nguyễn Bỉnh Khiêm
Hà Nội,Ba Đình,Liễu Giai,Đốc Ngữ
Hồ Chí Minh,Quận 8,Phường 2,Phạm Thế Hiển
Hà Nội,Đống Đa,Láng Thượng,Ngõ 1160 Láng
Hồ Chí Minh,Quận 12,Hiệp Thành,Hẻm 3 Nguyễn Thị Đặng
Hà Nội,Hoàn Kiếm,Hàng Mã,Hàng Lược
Đà Nẵng,Sơn Trà,Phước Mỹ,Hà Chương
Hồ Chí Minh,Thủ Đức,Hiệp Bình Phước,Số 3
Hồ Chí Minh,Bình Chánh,Lê Minh Xuân,Hẻm G12 Láng Le Bàu Cò
Hồ Chí Minh,Tân Bình,Phường 4,Nguyễn Đình Khơi
Hồ Chí Minh,Thủ Đức,Tân Phú,Hoàng Hữu Nam
Hà Nội,Tây Hồ,Nhật Tân,Lạc Long Quân
Hồ Chí Minh,Quận 5,Phường 9,An Dương Vương
Hồ Chí Minh,Bình Thạnh,Phường 12,Hẻm 9 Bùi Đình Túy
Hồ Chí Minh,Quận 1,Bến Nghé,Lê Duẩn
Hồ Chí Minh,Thủ Đức,Phước Long B,9
Hồ Chí Minh,Tân Bình,Phường 1,Lê Văn Sỹ
Hà Nội,Long Biên,Bồ Đề,Lâm Hạ
Hải Phòng,Hải An,Đằng Lâm,Hẻm 8 Lê Hồng Phong
Hồ Chí Minh,Bình Thạnh,Phường 25,Điện Biên Phủ
Hồ Chí Minh,Quận 10,Phường 6,Tân Phước
Hồ Chí Minh,Thủ Đức,Trường Thọ,Số 11
Hà Nội,Thanh Xuân,Kim Giang,Hoàng Đạo Thành
Bình Dương,Thuận An,Bình Hòa,Bình Hòa 5
Hà Nội,Hai Bà Trưng,Bách Khoa,Đại Cồ Việt
Hà Nội,Hai Bà Trưng,Đồng Tâm,Giải Phóng
Hà Nội,Thanh Xuân,Khương Đình,Khương Hạ
Hồ Chí Minh,Quận 5,Phường 2,Trần Hưng Đạo
Hồ Chí Minh,Quận 8,Phường 7,Nguyễn Văn Linh
Hà Nội,Đống Đa,Kim Liên,Xã Đàn
Hồ Chí Minh,Bình Thạnh,Phường 27,Hẻm 7 Bình Quới
Hồ Chí Minh,Quận 1,Đa Kao,Trần Doãn Khanh
Hồ Chí Minh,Thủ Đức,Thảo Điền,Quốc Hương
Quảng Trị,Đông Hà,Phường 5,Nguyễn Viết Xuân
Cần Thơ,Ninh Kiều,Thới Bình,Hùng Vương
Hà Nội,Ba Đình,Cống Vị,Đào Tấn
Hồ Chí Minh,Tân Phú,Hòa Thạnh,Âu Cơ
Hồ Chí Minh,Bình Chánh,Bình Hưng,Hẻm A34 50
Hải Phòng,Lê Chân,Hồ Nam,Chùa Hàng
Hà Nội,Tây Hồ,Bưởi,Thụy Khuê
Hồ Chí Minh,Quận 5,Phường 11,Ký Hòa
Đà Nẵng,Sơn Trà,Phước Mỹ,Hồ Nghinh
Ciudad de México,Gustavo A Madero,Santa Rosa,Calle 34A
Hà Nội,Đống Đa,Kim Liên,Phạm Ngọc Thạch
Boyacá,Tunja,La Fuente,Calle 35B
Hồ Chí Minh,Tân Bình,Phường 12,Hoàng Kế Viêm
Hồ Chí Minh,Quận 1,Đa Kao,Đinh Tiên Hoàng
Đà Nẵng,Thanh Khê,Hòa Khê,Cù Chính Lan
Hồ Chí Minh,Quận 3,Phường 5,Hẻm 406 Nguyễn Thị Minh Khai
Hải Phòng,Hồng Bàng,Hoàng Văn Thụ,Quang Trung
Hà Nội,Đống Đa,Ô Chợ Dừa,Nguyễn Hy Quang
Hồ Chí Minh,Gò Vấp,Phường 17,An Nhơn
Hà Nội,Bắc Từ Liêm,Phúc Diễn,Phúc Diễn
Hải Phòng,Ngô Quyền,Lạch Tray,Cầu Vượt Lạch Tray
Hà Nội,Hà Đông,Phú La,Ngách 62/14 Văn Phú
Hồ Chí Minh,Quận 3,Võ Thị Sáu,Huỳnh Tịnh Của
Hà Nội,Long Biên,Long Biên,Cổ Linh
Lâm Đồng,Đà Lạt,Phường 7,Nguyễn Hoàng
Hà Nội,Hà Đông,Phúc La,Xa La
Phú Thọ,Việt Trì,Tiên Cát,Tiên Sơn
Đà Nẵng,Sơn Trà,Phước Mỹ,Đặng Vũ Hỷ
Hà Nội,Hoàn Kiếm,Tràng Tiền,Tràng Tiền
Hà Nội,Hoàn Kiếm,Hàng Mã,Hàng Cót
Hà Nội,Hoàn Kiếm,Hàng Mã,Phan Đình Phùng
Thừa Thiên Huế,Huế,An Cựu,Tôn Thất Dương Kỵ
Hà Nội,Hoàn Kiếm,Cửa Đông,Cửa Đông
Cần Thơ,Ninh Kiều,An Bình,Cầu Cái Răng
Hà Nội,Cầu Giấy,Nghĩa Tân,Phạm Tuấn Tài
Hồ Chí Minh,Phú Nhuận,Phường 10,Trần Hữu Trang
Hồ Chí Minh,Quận 7,Tân Phong,Hưng Gia 4
Hưng Yên,Văn Giang,Cửu Cao,Cầu Cửu Cao
Hải Phòng,Ngô Quyền,Đổng Quốc Bình,Nguyễn Bình
Hồ Chí Minh,Bình Chánh,Bình Hưng,Phạm Hùng
Hồ Chí Minh,Quận 6,Phường 13,Bà Hom
Cần Thơ,Ninh Kiều,An Phú,Nguyễn Việt Hồng
Đà Nẵng,Cẩm Lệ,Hòa Xuân,Mai Chí Thọ
Đà Nẵng,Ngũ Hành Sơn,Khuê Mỹ,Giang Châu 1
Hà Nội,Ba Đình,Ngọc Khánh,La Thành
Hà Nội,Hà Đông,Mộ Lao,An Hòa
Hà Nội,Cầu Giấy,Dịch Vọng,Trương Công Giai
Hồ Chí Minh,Thủ Đức,Bình Trưng Đông,56
Hà Nội,Hai Bà Trưng,Bách Khoa,Tạ Quang Bửu
Hà Nội,Hoàn Kiếm,Cửa Nam,Trần Hưng Đạo
Hồ Chí Minh,Thủ Đức,Bình Chiểu,Đồng An
Hồ Chí Minh,Thủ Đức,Thảo Điền,Số 66
Hải Phòng,Lê Chân,Kênh Dương,Quán Nam
Hà Nội,Cầu Giấy,Quan Hoa,Hẻm 155 Cầu Giấy
Hà Nội,Cầu Giấy,Dịch Vọng,Hẻm 35 Trần Thái Tông
Hà Nội,Cầu Giấy,Dịch Vọng,Nguyễn Khánh Toàn
Hà Nội,Bắc Từ Liêm,Phú Diễn,Hoàng Công Chất
Hồ Chí Minh,Quận 8,Phường 12,Hẻm 75 Phong Phú
Hồ Chí Minh,Bình Thạnh,Phường 3,Hẻm 49 Phan Đăng Lưu
Thừa Thiên Huế,Hương Thủy,Thủy Dương,Nguyễn Tất Thành
Hà Nội,Hoàn Kiếm,Trần Hưng Đạo,Quang Trung
Hồ Chí Minh,Quận 12,Thạnh Xuân,Hẻm 280 Thạnh Xuân 25
Tiền Giang,Mỹ Tho,Phường 10,Ấp Bắc
Hồ Chí Minh,Tân Bình,Phường 4,Hoàng Văn Thụ
Hà Nội,Đống Đa,Trung Liệt,Yên Lãng
Hồ Chí Minh,Quận 3,Phường 1,Nguyễn Thiện Thuật
Cần Thơ,Cái Răng,Hưng Phú,Trần Văn Trà
Đà Nẵng,Sơn Trà,Mân Thái,Võ Nguyên Giáp
Đà Nẵng,Thanh Khê,Vĩnh Trung,Đỗ Quang
Hà Nội,Hoàn Kiếm,Trần Hưng Đạo,Hai Bà Trưng
Hồ Chí Minh,Quận 7,Tân Phong,Số 65
Hà Nội,Hoàn Kiếm,Phan Chu Trinh,Phan Chu Trinh
Hà Nội,Hai Bà Trưng,Nguyễn Du,Nguyễn Thượng Hiền
Hà Nội,Hoàn Kiếm,Lý Thái Tổ,Hàng Mắm
Hồ Chí Minh,Quận 7,Tân Thuận Tây,Hẻm 39 Nguyễn Văn Linh
Hồ Chí Minh,Quận 12,Thới An,Khu Đô Thị Hà Đô
Hồ Chí Minh,Quận 3,Phường 5,Cao Thắng
Hồ Chí Minh,Tân Bình,Phường 15,Cống Lở
Hà Nội,Hoàng Mai,Định Công,Định Công Thượng
Hồ Chí Minh,Quận 1,Nguyễn Cư Trinh,Phạm Viết Chánh
Cần Thơ,Cái Răng,Hưng Thạnh,Số 2
Bình Dương,Thủ Dầu Một,Hiệp Thành,Phạm Ngọc Thạch
Hồ Chí Minh,Tân Bình,Phường 13,Núi Thành
Hồ Chí Minh,Bình Tân,An Lạc,Số 2
Hồ Chí Minh,Thủ Đức,An Khánh,Vành Đai Tây
Đắk Lắk,Buôn Ma Thuột,Thắng Lợi,Y Jút
Hồ Chí Minh,Gò Vấp,Phường 10,Nguyễn Oanh
Hà Nội,Ba Đình,Ngọc Hà,Hoàng Hoa Thám
Quảng Trị,Đông Hà,Phường 5,Lê Hồng Phong
Hồ Chí Minh,Bình Thạnh,Phường 13,Đặng Thuỳ Trâm
Hải Phòng,Hải An,Thành Tô,Ngô Gia Tự
Hồ Chí Minh,Bình Thạnh,Phường 26,Chu Văn An
Hải Phòng,Lê Chân,Hồ Nam,Tô Hiệu
Hồ Chí Minh,Quận 7,Bình Thuận,Số 4
Cần Thơ,Cái Răng,Hưng Thạnh,D1
Hồ Chí Minh,Quận 7,Tân Phong,Hưng Gia 3
Hồ Chí Minh,Quận 10,Phường 15,Tam Đảo
Cần Thơ,Cái Răng,Hưng Thạnh,Số 5
Hồ Chí Minh,Quận 1,Bến Thành,Đặng Trần Côn
Hồ Chí Minh,Bình Thạnh,Phường 11,Nguyễn Văn Đậu
Đà Nẵng,Hải Châu,Bình Hiên,Nguyễn Văn Linh
Hà Nội,Đống Đa,Trung Tự,Nguyễn Ngọc Doãn
Hà Nội,Hoàn Kiếm,Cửa Đông,Thành
Đà Nẵng,Hải Châu,Bình Hiên,Trưng Nữ Vương
Hải Phòng,Hồng Bàng,Hạ Lý,Thế Lữ
Hồ Chí Minh,Thủ Đức,Tân Phú,Xa Lộ Hà Nội
Hồ Chí Minh,Phú Nhuận,Phường 10,Hẻm 20 115 Lê Văn Sỹ
Hà Nội,Long Biên,Ngọc Thụy,Hẻm 606 Ngọc Thụy
Hồ Chí Minh,Quận 10,Phường 4,Ngô Gia Tự
Hà Nội,Thanh Xuân,Nhân Chính,Hẻm 26 Quan Nhân
Khánh Hòa,Nha Trang,Lộc Thọ,Hùng Vương
Hồ Chí Minh,Quận 7,Phú Mỹ,Số 1
Hồ Chí Minh,Quận 7,Tân Thuận Đông,Cầu Phú Mỹ
Hà Nội,Bắc Từ Liêm,Phường Cổ Nhuế 1,Hoàng Quốc Việt
Hà Nội,Hai Bà Trưng,Nguyễn Du,Tuệ Tĩnh
Hồ Chí Minh,Thủ Đức,Tam Phú,Hẻm 17 Bình Phú
Hà Nội,Hai Bà Trưng,Nguyễn Du,Trần Nhân Tông
Hà Nội,Hai Bà Trưng,Lê Đại Hành,Mai Hắc Đế
Hà Nội,Nam Từ Liêm,Cầu Diễn,Nguyễn Cơ Thạch
Hà Nội,Ba Đình,Cống Vị,Phan Kế Bính
Hà Nội,Cầu Giấy,Mai Dịch,Mai Dịch
Hà Nội,Hoàng Mai,Định Công,Trịnh Đình Cửu
Hồ Chí Minh,Phú Nhuận,Phường 8,Hẻm 221B Trần Huy Liệu
Bà Rịa Vũng Tàu,Vũng Tàu,Thắng Tam,Phan Văn Trị
Hồ Chí Minh,Quận 7,Tân Thuận Đông,Hẻm 9 Trần Trọng Cung
Hồ Chí Minh,Bình Thạnh,Phường 19,Nguyễn Hữu Cảnh
Hồ Chí Minh,Tân Bình,Phường 2,Hướng Đi Ga Quốc Tế
Quảng Trị,Đông Hà,Phường 1,Trần Hưng Đạo
Hồ Chí Minh,Quận 11,Phường 5,Ông Ích Khiêm
Hà Nội,Tây Hồ,Yên Phụ,Nghi Tàm
Hà Nội,Hai Bà Trưng,Minh Khai,Minh Khai
Hà Nội,Gia Lâm,Đặng Xá,Đ.X 5
Hồ Chí Minh,Thủ Đức,Tăng Nhơn Phú A,Lã Xuân Oai
Bắc Ninh,Từ Sơn,Phù Chẩn,Đi Từ Sơn
Khánh Hòa,Nha Trang,Lộc Thọ,Trần Văn Ơn
Hồ Chí Minh,Quận 11,Phường 15,Hẻm 2 Số 2
Hà Nội,Long Biên,Giang Biên,Kẻ Tạnh
Hồ Chí Minh,Quận 10,Phường 2,Lê Hồng Phong
Bình Dương,Dĩ An,An Bình,Lê Trọng Tấn
Hồ Chí Minh,Thủ Đức,Thảo Điền,Số 5
Đồng Nai,Biên Hòa,Quyết Thắng,Võ Thị Sáu
Nghệ An,Vinh,Hưng Phúc,Dương Vân Nga
Bình Dương,Thủ Dầu Một,Hòa Phú,Dân Chủ
Hải Phòng,Ngô Quyền,Cầu Đất,Lương Khánh Thiện
Hà Nội,Tây Hồ,Xuân La,Lạc Long Quân
Đồng Nai,Biên Hòa,Thống Nhất,D9
Hà Nội,Ba Đình,Cống Vị,Liễu Giai
Hà Nội,Bắc Từ Liêm,Xuân Tảo,Xuân Đỉnh
Đà Nẵng,Ngũ Hành Sơn,Hòa Hải,Lê Văn Hiến
Hà Nội,Hà Đông,Văn Quán,Trần Phú
Hồ Chí Minh,Phú Nhuận,Phường 15,Nguyễn Đình Chính
Bà Rịa Vũng Tàu,Vũng Tàu,Phường 1,Trương Vĩnh Ký
Đà Nẵng,Liên Chiểu,Hòa Minh,Tôn Đức Thắng
Hà Nội,Long Biên,Thượng Thanh,Lý Sơn
Hà Nội,Ba Đình,Điện Biên,Điện Biên Phủ
Hà Nội,Thanh Xuân,Thanh Xuân Trung,Vũ Trọng Phụng
Hà Nội,Ba Đình,Kim Mã,Giang Văn Minh
Hồ Chí Minh,Nhà Bè,Phú Xuân,Huỳnh Tấn Phát
Hà Nội,Đống Đa,Trung Liệt,Thái Thịnh
Hà Nội,Tây Hồ,Thụy Khuê,Nguyễn Đình Thi
Hà Nội,Hoàn Kiếm,Trần Hưng Đạo,Trần Quốc Toản
Hà Nội,Đống Đa,Láng Hạ,Thái Hà
Hồ Chí Minh,Tân Phú,Tân Sơn Nhì,Nguyễn Quý Anh
Quảng Ninh,Hạ Long,Bạch Đằng,Trần Quốc Tảng
Đà Nẵng,Sơn Trà,An Hải Tây,Vũ Văn Dũng
Hải Phòng,Hồng Bàng,Hoàng Văn Thụ,Ngõ 57 Điện Biên Phủ
Bà Rịa Vũng Tàu,Vũng Tàu,Phường 2,Phan Chu Trinh
Hồ Chí Minh,Quận 7,Phú Thuận,Hoàng Quốc Việt
Hà Nội,Long Biên,Bồ Đề,Bồ Đề
Hồ Chí Minh,Quận 11,Phường 13,Tôn Thất Hiệp
Hồ Chí Minh,Phú Nhuận,Phường 11,Nguyễn Đình Chính
Đà Nẵng,Hải Châu,Phường Hải Châu 1,Bạch Đằng
Hà Nội,Hoàn Kiếm,Hàng Bông,Thợ Nhuộm
Thừa Thiên Huế,Huế,Thuận Hòa,Yết Kiêu
Thừa Thiên Huế,Huế,Hương Sơ,Hoa Lư
Thừa Thiên Huế,Hương Trà,Hương Vinh,Bao Vinh
Hồ Chí Minh,Bình Chánh,Bình Hưng,Số 19
Hà Nội,Long Biên,Bồ Đề,Ngõ 99 Ái Mộ
Hà Nội,Đống Đa,Văn Miếu,Nguyễn Khuyến
Hà Nội,Nam Từ Liêm,Cầu Diễn,Cầu Diễn
Hồ Chí Minh,Quận 12,Hiệp Thành,Nguyễn Thị Búp
Thừa Thiên Huế,Huế,Phú Nhuận,Lê Hồng Phong
Hồ Chí Minh,Phú Nhuận,Phường 3,Hẻm 5 3 Thích Quảng Đức
Phú Thọ,Việt Trì,Tiên Cát,Hùng Vương
Hồ Chí Minh,Quận 6,Phường 13,Cư Xá Phú Lâm B
Thừa Thiên Huế,Huế,Trường An,Đào Tấn
Đà Nẵng,Hải Châu,Hòa Cường Bắc,Doãn Khuê
Thừa Thiên Huế,Huế,Phú Nhuận,Hà Nội
Đà Nẵng,Thanh Khê,Tân Chính,Lê Duẩn
Hà Nội,Đống Đa,Ô Chợ Dừa,Nguyễn Lương Bằng
Đà Nẵng,Hải Châu,Phước Ninh,Trần Phú
Hà Nội,Đống Đa,Ô Chợ Dừa,Tôn Đức Thắng
Hồ Chí Minh,Quận 12,Thới An,Trần Thị Cờ
Đắk Lắk,Buôn Ma Thuột,Tân An,Lý Thái Tổ
Hà Nội,Đống Đa,Láng Hạ,Ngõ 508 Láng
Hà Nội,Hoàn Kiếm,Hàng Mã,Hàng Mã
Đà Nẵng,Sơn Trà,An Hải Bắc,Dương Trí Trạch
Đà Nẵng,Sơn Trà,An Hải Bắc,Nguyễn Tuân
Đà Nẵng,Hải Châu,Hòa Cường Bắc,Ỷ Lan Nguyên Phi
Hải Phòng,Lê Chân,Trại Cau,Vòng Hồ Sen
Hồ Chí Minh,Tân Bình,Phường 2,Hoàng Văn Thụ
Khánh Hòa,Nha Trang,Phước Tiến,Mạc Đĩnh Chi
Hồ Chí Minh,Bình Thạnh,Phường 13,Nguyễn Xí
Cần Thơ,Ninh Kiều,An Hòa,Lê Anh Xuân
Hồ Chí Minh,Bình Thạnh,Phường 1,Phó Đức Chính
Hồ Chí Minh,Quận 6,Phường 8,Văn Thân
Đà Nẵng,Ngũ Hành Sơn,Mỹ An,An Thượng 21
Hà Nội,Ba Đình,Vĩnh Phúc,Đội Cấn
Hà Nội,Cầu Giấy,Trung Hòa,Nguyễn Khang
Hồ Chí Minh,Tân Phú,Tân Sơn Nhì,Trần Tấn
